month,state,ev_network,stations_opened,ports_opened,dc_fast_opened,level2_opened,cumulative_stations,cumulative_ports
1995-08-01 00:00:00+00,CA,Non-Networked,1,8,0,8,1,8
1997-07-01 00:00:00+00,CA,Non-Networked,1,1,0,1,2,9
1997-08-01 00:00:00+00,CA,Non-Networked,3,10,0,10,5,19
1998-05-01 00:00:00+00,CA,Non-Networked,3,16,0,15,8,35
1998-06-01 00:00:00+00,CA,Non-Networked,6,33,0,33,14,68
1998-07-01 00:00:00+00,CA,Non-Networked,1,1,0,1,15,69
1999-10-01 00:00:00+00,CA,Non-Networked,1,16,4,12,16,85
2000-04-01 00:00:00+00,CA,Non-Networked,3,11,0,11,19,96
2002-01-01 00:00:00+00,CA,Non-Networked,5,11,0,11,24,107
2002-02-01 00:00:00+00,CA,Non-Networked,1,1,0,1,25,108
2002-05-01 00:00:00+00,CA,Non-Networked,6,26,0,22,31,134
2004-05-01 00:00:00+00,CA,Non-Networked,3,8,0,7,34,142
2004-06-01 00:00:00+00,CA,Non-Networked,9,24,0,22,43,166
2004-07-01 00:00:00+00,CA,Non-Networked,1,1,0,1,44,167
2005-07-01 00:00:00+00,CA,Non-Networked,3,9,0,9,47,176
2006-07-01 00:00:00+00,CA,Blink Network,1,5,0,5,48,181
2006-08-01 00:00:00+00,CA,Non-Networked,1,1,0,1,49,182
2008-12-01 00:00:00+00,CA,Non-Networked,13,64,0,50,62,246
2009-06-01 00:00:00+00,CA,Non-Networked,1,1,0,1,63,247
2010-04-01 00:00:00+00,CA,Non-Networked,1,1,0,1,64,248
2010-11-01 00:00:00+00,CA,Non-Networked,2,17,2,15,66,265
2011-02-01 00:00:00+00,CA,Non-Networked,2,26,0,22,68,291
2011-03-01 00:00:00+00,CA,Non-Networked,28,69,22,46,96,360
2011-05-01 00:00:00+00,CA,Non-Networked,2,2,0,2,98,362
2011-07-01 00:00:00+00,CA,Non-Networked,1,51,0,0,99,413
2011-08-01 00:00:00+00,CA,Non-Networked,2,4,0,4,101,417
2011-10-01 00:00:00+00,CA,Blink Network,1,2,0,2,103,420
2011-10-01 00:00:00+00,CA,Non-Networked,1,1,0,1,103,420
2011-11-01 00:00:00+00,CA,Blink Network,3,17,0,17,106,437
2011-12-01 00:00:00+00,CA,Non-Networked,1,2,0,2,108,454
2011-12-01 00:00:00+00,CA,Blink Network,1,15,0,15,108,454
2012-01-01 00:00:00+00,CA,Non-Networked,7,17,2,15,118,497
2012-01-01 00:00:00+00,CA,Blink Network,3,26,0,26,118,497
2012-02-01 00:00:00+00,CA,Non-Networked,3,7,0,7,130,549
2012-02-01 00:00:00+00,CA,Blink Network,9,45,0,45,130,549
2012-03-01 00:00:00+00,CA,Blink Network,1,8,0,8,132,558
2012-03-01 00:00:00+00,CA,ChargePoint Network,1,1,0,1,132,558
2012-04-01 00:00:00+00,CA,Non-Networked,3,17,0,8,140,618
2012-04-01 00:00:00+00,CA,POWERFLEX,1,15,0,15,140,618
2012-04-01 00:00:00+00,CA,Blink Network,4,28,0,28,140,618
2012-05-01 00:00:00+00,CA,Non-Networked,2,3,0,3,145,628
2012-05-01 00:00:00+00,CA,Blink Network,2,6,0,6,145,628
2012-05-01 00:00:00+00,CA,ChargePoint Network,1,1,0,1,145,628
2012-06-01 00:00:00+00,CA,Non-Networked,5,17,1,16,151,646
2012-06-01 00:00:00+00,CA,IN_CHARGE,1,1,1,0,151,646
2012-07-01 00:00:00+00,CA,Non-Networked,5,76,0,76,158,733
2012-07-01 00:00:00+00,CA,Blink Network,2,11,0,11,158,733
2012-08-01 00:00:00+00,CA,ChargePoint Network,1,2,0,2,164,757
2012-08-01 00:00:00+00,CA,Non-Networked,5,22,0,22,164,757
2012-10-01 00:00:00+00,CA,Non-Networked,3,8,0,8,167,765
2012-11-01 00:00:00+00,CA,Blink Network,2,13,0,13,173,808
2012-11-01 00:00:00+00,CA,Non-Networked,2,10,0,10,173,808
2012-11-01 00:00:00+00,CA,Tesla,2,20,20,0,173,808
2012-12-01 00:00:00+00,CA,Non-Networked,4,8,0,8,177,816
2013-01-01 00:00:00+00,CA,Non-Networked,4,40,0,40,181,856
2013-02-01 00:00:00+00,CA,Blink Network,3,10,0,10,191,880
2013-02-01 00:00:00+00,CA,Non-Networked,7,14,0,14,191,880
2013-03-01 00:00:00+00,CA,Non-Networked,18,65,0,65,213,952
2013-03-01 00:00:00+00,CA,Tesla Destination,1,2,0,2,213,952
2013-03-01 00:00:00+00,CA,eVgo Network,1,1,1,0,213,952
2013-03-01 00:00:00+00,CA,Blink Network,2,4,0,4,213,952
2013-04-01 00:00:00+00,CA,eVgo Network,1,1,1,0,220,975
2013-04-01 00:00:00+00,CA,Blink Network,4,15,0,15,220,975
2013-04-01 00:00:00+00,CA,Non-Networked,2,7,0,5,220,975
2013-05-01 00:00:00+00,CA,Non-Networked,3,8,0,8,223,983
2013-06-01 00:00:00+00,CA,Tesla,8,118,118,0,232,1102
2013-06-01 00:00:00+00,CA,Non-Networked,1,1,0,1,232,1102
2013-07-01 00:00:00+00,CA,Non-Networked,8,90,40,38,240,1192
2013-08-01 00:00:00+00,CA,Blink Network,1,2,0,2,250,1254
2013-08-01 00:00:00+00,CA,eVgo Network,1,3,2,1,250,1254
2013-08-01 00:00:00+00,CA,Non-Networked,8,57,0,41,250,1254
2013-09-01 00:00:00+00,CA,Non-Networked,6,9,0,8,257,1265
2013-09-01 00:00:00+00,CA,ChargePoint Network,1,2,0,2,257,1265
2013-10-01 00:00:00+00,CA,Non-Networked,1,6,1,5,260,1283
2013-10-01 00:00:00+00,CA,Tesla,2,12,12,0,260,1283
2013-11-01 00:00:00+00,CA,eVgo Network,1,2,2,0,266,1291
2013-11-01 00:00:00+00,CA,Non-Networked,5,6,0,6,266,1291
2013-12-01 00:00:00+00,CA,Tesla,1,16,16,0,276,1357
2013-12-01 00:00:00+00,CA,Non-Networked,3,33,0,33,276,1357
2013-12-01 00:00:00+00,CA,eVgo Network,2,4,4,0,276,1357
2013-12-01 00:00:00+00,CA,Blink Network,4,13,0,13,276,1357
2014-01-01 00:00:00+00,CA,eVgo Network,1,2,2,0,282,1456
2014-01-01 00:00:00+00,CA,POWERFLEX,1,40,0,40,282,1456
2014-01-01 00:00:00+00,CA,ChargePoint Network,1,2,0,2,282,1456
2014-01-01 00:00:00+00,CA,Non-Networked,3,55,0,55,282,1456
2014-02-01 00:00:00+00,CA,Non-Networked,3,13,0,13,288,1475
2014-02-01 00:00:00+00,CA,Tesla Destination,3,6,0,6,288,1475
2014-03-01 00:00:00+00,CA,ChargePoint Network,1,2,0,2,297,1534
2014-03-01 00:00:00+00,CA,eVgo Network,1,2,2,0,297,1534
2014-03-01 00:00:00+00,CA,Tesla Destination,2,3,0,3,297,1534
2014-03-01 00:00:00+00,CA,Blink Network,2,28,0,28,297,1534
2014-03-01 00:00:00+00,CA,Non-Networked,3,24,0,24,297,1534
2014-04-01 00:00:00+00,CA,Blink Network,2,5,0,5,308,1565
2014-04-01 00:00:00+00,CA,Non-Networked,3,6,1,5,308,1565
2014-04-01 00:00:00+00,CA,Tesla Destination,4,9,0,9,308,1565
2014-04-01 00:00:00+00,CA,eVgo Network,1,4,2,2,308,1565
2014-04-01 00:00:00+00,CA,Tesla,1,7,7,0,308,1565
2014-05-01 00:00:00+00,CA,Blink Network,1,4,0,4,320,1603
2014-05-01 00:00:00+00,CA,Tesla,1,7,7,0,320,1603
2014-05-01 00:00:00+00,CA,Non-Networked,2,6,0,6,320,1603
2014-05-01 00:00:00+00,CA,Tesla Destination,8,21,0,21,320,1603
2014-06-01 00:00:00+00,CA,POWERFLEX,1,3,0,3,323,1611
2014-06-01 00:00:00+00,CA,Tesla Destination,2,5,0,5,323,1611
2014-07-01 00:00:00+00,CA,Tesla Destination,7,15,0,15,333,1631
2014-07-01 00:00:00+00,CA,Non-Networked,3,5,1,4,333,1631
2014-08-01 00:00:00+00,CA,POWERFLEX,11,196,18,178,359,1873
2014-08-01 00:00:00+00,CA,Tesla Destination,10,26,0,26,359,1873
2014-08-01 00:00:00+00,CA,Non-Networked,2,5,0,5,359,1873
2014-08-01 00:00:00+00,CA,Tesla,1,11,11,0,359,1873
2014-08-01 00:00:00+00,CA,Blink Network,2,4,0,4,359,1873
2014-09-01 00:00:00+00,CA,OpConnect,1,4,0,4,374,1909
2014-09-01 00:00:00+00,CA,Blink Network,2,6,0,6,374,1909
2014-09-01 00:00:00+00,CA,Tesla Destination,5,16,0,16,374,1909
2014-09-01 00:00:00+00,CA,ChargePoint Network,1,1,0,1,374,1909
2014-09-01 00:00:00+00,CA,Non-Networked,4,6,1,4,374,1909
2014-09-01 00:00:00+00,CA,eVgo Network,2,3,2,1,374,1909
2014-10-01 00:00:00+00,CA,Tesla Destination,13,53,0,53,396,2098
2014-10-01 00:00:00+00,CA,ChargePoint Network,1,1,0,1,396,2098
2014-10-01 00:00:00+00,CA,Tesla,2,66,66,0,396,2098
2014-10-01 00:00:00+00,CA,Non-Networked,2,4,1,3,396,2098
2014-10-01 00:00:00+00,CA,POWERFLEX,4,65,0,65,396,2098
2014-11-01 00:00:00+00,CA,Blink Network,3,10,0,10,410,2147
2014-11-01 00:00:00+00,CA,Tesla Destination,11,39,0,39,410,2147
2014-12-01 00:00:00+00,CA,EVCS,1,4,0,4,426,2193
2014-12-01 00:00:00+00,CA,Tesla Destination,9,23,0,23,426,2193
2014-12-01 00:00:00+00,CA,Blink Network,1,3,0,3,426,2193
2014-12-01 00:00:00+00,CA,Non-Networked,5,16,0,6,426,2193
2015-01-01 00:00:00+00,CA,OpConnect,2,4,0,4,455,2323
2015-01-01 00:00:00+00,CA,Tesla Destination,20,48,0,48,455,2323
2015-01-01 00:00:00+00,CA,Blink Network,3,10,0,10,455,2323
2015-01-01 00:00:00+00,CA,Tesla,4,68,68,0,455,2323
2015-02-01 00:00:00+00,CA,Tesla Destination,10,33,0,33,477,2458
2015-02-01 00:00:00+00,CA,Tesla,6,80,80,0,477,2458
2015-02-01 00:00:00+00,CA,Non-Networked,4,19,0,17,477,2458
2015-02-01 00:00:00+00,CA,Blink Network,1,1,0,1,477,2458
2015-02-01 00:00:00+00,CA,AMPUP,1,2,0,2,477,2458
2015-03-01 00:00:00+00,CA,Non-Networked,1,2,0,2,496,2524
2015-03-01 00:00:00+00,CA,Tesla Destination,16,42,0,42,496,2524
2015-03-01 00:00:00+00,CA,Tesla,2,22,22,0,496,2524
2015-04-01 00:00:00+00,CA,Non-Networked,10,28,0,28,544,2669
2015-04-01 00:00:00+00,CA,Blink Network,2,4,0,4,544,2669
2015-04-01 00:00:00+00,CA,Tesla,2,20,20,0,544,2669
2015-04-01 00:00:00+00,CA,Tesla Destination,25,61,0,61,544,2669
2015-04-01 00:00:00+00,CA,POWERFLEX,1,7,0,7,544,2669
2015-04-01 00:00:00+00,CA,EV Connect,1,4,0,4,544,2669
2015-04-01 00:00:00+00,CA,eVgo Network,7,21,14,7,544,2669
2015-05-01 00:00:00+00,CA,Non-Networked,1,6,0,6,566,2735
2015-05-01 00:00:00+00,CA,Tesla Destination,20,44,0,44,566,2735
2015-05-01 00:00:00+00,CA,Tesla,1,16,16,0,566,2735
2015-06-01 00:00:00+00,CA,Tesla Destination,20,50,0,50,595,2831
2015-06-01 00:00:00+00,CA,Tesla,1,6,6,0,595,2831
2015-06-01 00:00:00+00,CA,Blink Network,5,31,0,31,595,2831
2015-06-01 00:00:00+00,CA,Non-Networked,3,9,0,8,595,2831
2015-07-01 00:00:00+00,CA,Tesla Destination,10,17,0,17,608,2864
2015-07-01 00:00:00+00,CA,Non-Networked,2,4,0,3,608,2864
2015-07-01 00:00:00+00,CA,Blink Network,1,12,0,12,608,2864
2015-08-01 00:00:00+00,CA,Non-Networked,4,7,0,7,632,2925
2015-08-01 00:00:00+00,CA,Tesla Destination,17,45,0,45,632,2925
2015-08-01 00:00:00+00,CA,Blink Network,3,9,0,9,632,2925
2015-09-01 00:00:00+00,CA,ChargePoint Network,1,2,0,2,651,2984
2015-09-01 00:00:00+00,CA,Blink Network,5,22,0,22,651,2984
2015-09-01 00:00:00+00,CA,Tesla Destination,13,35,0,35,651,2984
2015-10-01 00:00:00+00,CA,eVgo Network,1,3,2,1,668,3028
2015-10-01 00:00:00+00,CA,Blink Network,1,3,0,3,668,3028
2015-10-01 00:00:00+00,CA,Tesla Destination,15,38,0,38,668,3028
2015-11-01 00:00:00+00,CA,Tesla Destination,13,27,0,27,686,3101
2015-11-01 00:00:00+00,CA,Blink Network,2,15,0,15,686,3101
2015-11-01 00:00:00+00,CA,eVgo Network,1,3,2,1,686,3101
2015-11-01 00:00:00+00,CA,Tesla,2,28,28,0,686,3101
2015-12-01 00:00:00+00,CA,Tesla Destination,9,18,0,18,698,3145
2015-12-01 00:00:00+00,CA,Blink Network,1,4,0,4,698,3145
2015-12-01 00:00:00+00,CA,Tesla,2,22,22,0,698,3145
2016-01-01 00:00:00+00,CA,SHELL_RECHARGE,1,2,2,0,721,3231
2016-01-01 00:00:00+00,CA,Non-Networked,4,43,5,38,721,3231
2016-01-01 00:00:00+00,CA,Tesla,1,8,8,0,721,3231
2016-01-01 00:00:00+00,CA,Tesla Destination,15,27,0,27,721,3231
2016-01-01 00:00:00+00,CA,eVgo Network,2,6,4,2,721,3231
2016-02-01 00:00:00+00,CA,SHELL_RECHARGE,1,4,4,0,745,3313
2016-02-01 00:00:00+00,CA,Non-Networked,7,21,1,20,745,3313
2016-02-01 00:00:00+00,CA,Tesla Destination,14,37,0,37,745,3313
2016-02-01 00:00:00+00,CA,Tesla,2,20,20,0,745,3313
2016-03-01 00:00:00+00,CA,ChargePoint Network,1,2,1,1,767,3376
2016-03-01 00:00:00+00,CA,Tesla Destination,12,38,0,38,767,3376
2016-03-01 00:00:00+00,CA,Blink Network,5,12,0,12,767,3376
2016-03-01 00:00:00+00,CA,Non-Networked,4,11,1,10,767,3376
2016-04-01 00:00:00+00,CA,Tesla Destination,10,24,0,24,782,3412
2016-04-01 00:00:00+00,CA,Non-Networked,1,2,0,2,782,3412
2016-04-01 00:00:00+00,CA,OpConnect,2,7,0,7,782,3412
2016-04-01 00:00:00+00,CA,eVgo Network,1,2,2,0,782,3412
2016-04-01 00:00:00+00,CA,Blink Network,1,1,0,1,782,3412
2016-05-01 00:00:00+00,CA,Blink Network,1,3,0,3,795,3451
2016-05-01 00:00:00+00,CA,Tesla Destination,9,23,0,23,795,3451
2016-05-01 00:00:00+00,CA,Tesla,1,10,10,0,795,3451
2016-05-01 00:00:00+00,CA,Non-Networked,2,3,0,3,795,3451
2016-06-01 00:00:00+00,CA,Blink Network,4,19,0,19,810,3489
2016-06-01 00:00:00+00,CA,Non-Networked,6,9,1,8,810,3489
2016-06-01 00:00:00+00,CA,Tesla Destination,5,10,0,10,810,3489
2016-07-01 00:00:00+00,CA,Tesla,1,12,12,0,823,3544
2016-07-01 00:00:00+00,CA,Non-Networked,1,4,0,4,823,3544
2016-07-01 00:00:00+00,CA,POWERFLEX,3,16,0,16,823,3544
2016-07-01 00:00:00+00,CA,Tesla Destination,6,15,0,15,823,3544
2016-07-01 00:00:00+00,CA,Blink Network,2,8,0,8,823,3544
2016-08-01 00:00:00+00,CA,eVgo Network,2,3,3,0,840,3628
2016-08-01 00:00:00+00,CA,Non-Networked,1,3,0,3,840,3628
2016-08-01 00:00:00+00,CA,Blink Network,3,14,0,14,840,3628
2016-08-01 00:00:00+00,CA,Tesla Destination,9,26,0,26,840,3628
2016-08-01 00:00:00+00,CA,Tesla,2,38,38,0,840,3628
2016-09-01 00:00:00+00,CA,Blink Network,2,6,0,6,857,3671
2016-09-01 00:00:00+00,CA,Tesla,1,6,6,0,857,3671
2016-09-01 00:00:00+00,CA,Non-Networked,5,8,1,7,857,3671
2016-09-01 00:00:00+00,CA,Tesla Destination,9,23,0,23,857,3671
2016-10-01 00:00:00+00,CA,Blink Network,1,2,0,2,870,3713
2016-10-01 00:00:00+00,CA,Tesla Destination,11,30,0,30,870,3713
2016-10-01 00:00:00+00,CA,Tesla,1,10,10,0,870,3713
2016-11-01 00:00:00+00,CA,Tesla Destination,11,33,0,33,884,3766
2016-11-01 00:00:00+00,CA,Blink Network,3,20,0,20,884,3766
2016-12-01 00:00:00+00,CA,Tesla Destination,11,26,0,26,900,3827
2016-12-01 00:00:00+00,CA,Blink Network,1,2,0,2,900,3827
2016-12-01 00:00:00+00,CA,eVgo Network,2,3,3,0,900,3827
2016-12-01 00:00:00+00,CA,Tesla,1,8,8,0,900,3827
2016-12-01 00:00:00+00,CA,Non-Networked,1,22,0,0,900,3827
2017-01-01 00:00:00+00,CA,Blink Network,1,8,0,8,927,3887
2017-01-01 00:00:00+00,CA,EV Connect,2,8,0,8,927,3887
2017-01-01 00:00:00+00,CA,Tesla Destination,11,23,0,23,927,3887
2017-01-01 00:00:00+00,CA,Tesla,1,7,7,0,927,3887
2017-01-01 00:00:00+00,CA,Non-Networked,12,14,0,13,927,3887
2017-02-01 00:00:00+00,CA,Non-Networked,7,25,0,25,939,3927
2017-02-01 00:00:00+00,CA,Tesla Destination,4,8,0,8,939,3927
2017-02-01 00:00:00+00,CA,Blink Network,1,7,0,7,939,3927
2017-03-01 00:00:00+00,CA,Tesla Destination,10,31,0,31,952,3965
2017-03-01 00:00:00+00,CA,Blink Network,1,4,0,4,952,3965
2017-03-01 00:00:00+00,CA,Non-Networked,2,3,0,3,952,3965
2017-04-01 00:00:00+00,CA,EV Connect,1,2,0,2,975,4029
2017-04-01 00:00:00+00,CA,Tesla Destination,18,48,0,48,975,4029
2017-04-01 00:00:00+00,CA,Non-Networked,3,12,0,12,975,4029
2017-04-01 00:00:00+00,CA,ChargePoint Network,1,2,0,2,975,4029
2017-05-01 00:00:00+00,CA,Tesla Destination,7,15,0,15,985,4051
2017-05-01 00:00:00+00,CA,Blink Network,2,5,0,5,985,4051
2017-05-01 00:00:00+00,CA,ChargePoint Network,1,2,0,2,985,4051
2017-06-01 00:00:00+00,CA,Tesla Destination,5,8,0,8,996,4108
2017-06-01 00:00:00+00,CA,Non-Networked,4,41,14,27,996,4108
2017-06-01 00:00:00+00,CA,Blink Network,2,8,0,8,996,4108
2017-07-01 00:00:00+00,CA,Tesla Destination,11,53,0,53,1009,4165
2017-07-01 00:00:00+00,CA,Non-Networked,2,4,0,4,1009,4165
2017-08-01 00:00:00+00,CA,Blink Network,2,15,0,15,1021,4207
2017-08-01 00:00:00+00,CA,Tesla Destination,10,27,0,27,1021,4207
2017-09-01 00:00:00+00,CA,Blink Network,4,14,0,14,1035,4264
2017-09-01 00:00:00+00,CA,Tesla,1,14,14,0,1035,4264
2017-09-01 00:00:00+00,CA,Tesla Destination,9,29,0,29,1035,4264
2017-10-01 00:00:00+00,CA,Non-Networked,1,2,0,2,1056,4331
2017-10-01 00:00:00+00,CA,Blink Network,1,10,0,10,1056,4331
2017-10-01 00:00:00+00,CA,Tesla Destination,19,55,0,55,1056,4331
2017-11-01 00:00:00+00,CA,POWERFLEX,2,40,0,40,1078,4442
2017-11-01 00:00:00+00,CA,Non-Networked,8,25,1,24,1078,4442
2017-11-01 00:00:00+00,CA,Tesla Destination,11,42,0,42,1078,4442
2017-11-01 00:00:00+00,CA,Blink Network,1,4,0,4,1078,4442
2017-12-01 00:00:00+00,CA,ChargePoint Network,3,6,0,6,1092,4480
2017-12-01 00:00:00+00,CA,Tesla Destination,10,31,0,31,1092,4480
2017-12-01 00:00:00+00,CA,Non-Networked,1,1,0,1,1092,4480
2018-01-01 00:00:00+00,CA,POWERFLEX,7,113,4,109,1109,4648
2018-01-01 00:00:00+00,CA,Tesla Destination,10,55,0,55,1109,4648
2018-02-01 00:00:00+00,CA,Blink Network,1,6,0,6,1125,4739
2018-02-01 00:00:00+00,CA,Tesla Destination,15,85,0,85,1125,4739
2018-03-01 00:00:00+00,CA,eVgo Network,68,186,157,29,1209,5002
2018-03-01 00:00:00+00,CA,Blink Network,3,7,0,7,1209,5002
2018-03-01 00:00:00+00,CA,Tesla Destination,10,36,0,36,1209,5002
2018-03-01 00:00:00+00,CA,Non-Networked,3,34,1,33,1209,5002
2018-04-01 00:00:00+00,CA,Non-Networked,6,15,0,15,1224,5051
2018-04-01 00:00:00+00,CA,EV Connect,1,12,0,12,1224,5051
2018-04-01 00:00:00+00,CA,Tesla Destination,7,20,0,20,1224,5051
2018-04-01 00:00:00+00,CA,Blink Network,1,2,0,2,1224,5051
2018-05-01 00:00:00+00,CA,Tesla Destination,16,70,0,70,1246,5155
2018-05-01 00:00:00+00,CA,Blink Network,5,33,0,33,1246,5155
2018-05-01 00:00:00+00,CA,ChargePoint Network,1,1,0,1,1246,5155
2018-06-01 00:00:00+00,CA,FLO,1,1,0,1,1270,5274
2018-06-01 00:00:00+00,CA,EVRANGE,1,31,7,24,1270,5274
2018-06-01 00:00:00+00,CA,eVgo Network,1,1,1,0,1270,5274
2018-06-01 00:00:00+00,CA,Tesla Destination,13,59,0,59,1270,5274
2018-06-01 00:00:00+00,CA,Blink Network,5,23,0,23,1270,5274
2018-06-01 00:00:00+00,CA,Non-Networked,3,4,0,4,1270,5274
2018-07-01 00:00:00+00,CA,Tesla Destination,6,22,0,22,1304,5850
2018-07-01 00:00:00+00,CA,Tesla,27,553,553,0,1304,5850
2018-07-01 00:00:00+00,CA,Blink Network,1,1,0,1,1304,5850
2018-08-01 00:00:00+00,CA,Blink Network,1,3,0,3,1325,5940
2018-08-01 00:00:00+00,CA,eVgo Network,1,2,2,0,1325,5940
2018-08-01 00:00:00+00,CA,Tesla Destination,10,33,0,33,1325,5940
2018-08-01 00:00:00+00,CA,POWERFLEX,2,35,0,35,1325,5940
2018-08-01 00:00:00+00,CA,Non-Networked,6,9,0,9,1325,5940
2018-08-01 00:00:00+00,CA,EV Connect,1,8,0,8,1325,5940
2018-09-01 00:00:00+00,CA,eVgo Network,1,2,2,0,1350,5986
2018-09-01 00:00:00+00,CA,Non-Networked,16,21,0,21,1350,5986
2018-09-01 00:00:00+00,CA,Tesla Destination,6,18,0,18,1350,5986
2018-09-01 00:00:00+00,CA,Blink Network,2,5,0,5,1350,5986
2018-10-01 00:00:00+00,CA,Tesla Destination,6,20,0,20,1374,6110
2018-10-01 00:00:00+00,CA,Non-Networked,12,16,0,16,1374,6110
2018-10-01 00:00:00+00,CA,Electrify America,2,14,13,1,1374,6110
2018-10-01 00:00:00+00,CA,eVgo Network,1,2,2,0,1374,6110
2018-10-01 00:00:00+00,CA,Tesla,3,72,72,0,1374,6110
2018-11-01 00:00:00+00,CA,Tesla Destination,13,57,0,57,1394,6190
2018-11-01 00:00:00+00,CA,Non-Networked,3,3,0,3,1394,6190
2019-12-01 00:00:00+00,CA,Tesla,1,12,12,0,1745,8393
2018-11-01 00:00:00+00,CA,Blink Network,4,20,0,20,1394,6190
2018-12-01 00:00:00+00,CA,Non-Networked,2,8,4,4,1413,6456
2018-12-01 00:00:00+00,CA,Blink Network,3,7,0,7,1413,6456
2018-12-01 00:00:00+00,CA,eVgo Network,1,6,6,0,1413,6456
2018-12-01 00:00:00+00,CA,Tesla Destination,2,5,0,5,1413,6456
2018-12-01 00:00:00+00,CA,POWERFLEX,2,40,0,40,1413,6456
2018-12-01 00:00:00+00,CA,Tesla,9,200,200,0,1413,6456
2019-01-01 00:00:00+00,CA,Blink Network,2,5,0,5,1432,6523
2019-01-01 00:00:00+00,CA,ChargePoint Network,1,4,0,4,1432,6523
2019-01-01 00:00:00+00,CA,Non-Networked,12,48,0,48,1432,6523
2019-01-01 00:00:00+00,CA,Tesla Destination,4,10,0,10,1432,6523
2019-02-01 00:00:00+00,CA,EVGATEWAY,1,14,0,14,1471,6761
2019-02-01 00:00:00+00,CA,EV Connect,2,7,0,7,1471,6761
2019-02-01 00:00:00+00,CA,Blink Network,24,79,0,79,1471,6761
2019-02-01 00:00:00+00,CA,ChargePoint Network,1,1,0,1,1471,6761
2019-02-01 00:00:00+00,CA,Electrify America,1,4,4,0,1471,6761
2019-02-01 00:00:00+00,CA,Non-Networked,2,70,0,52,1471,6761
2019-02-01 00:00:00+00,CA,Tesla Destination,3,27,0,27,1471,6761
2019-02-01 00:00:00+00,CA,Tesla,2,26,26,0,1471,6761
2019-02-01 00:00:00+00,CA,eVgo Network,3,10,10,0,1471,6761
2019-03-01 00:00:00+00,CA,Tesla Destination,5,16,0,16,1501,6976
2019-03-01 00:00:00+00,CA,Non-Networked,2,5,0,5,1501,6976
2019-03-01 00:00:00+00,CA,Tesla,8,138,138,0,1501,6976
2019-03-01 00:00:00+00,CA,Blink Network,14,55,0,55,1501,6976
2019-03-01 00:00:00+00,CA,IN_CHARGE,1,1,1,0,1501,6976
2019-04-01 00:00:00+00,CA,Blink Network,1,6,0,6,1527,7105
2019-04-01 00:00:00+00,CA,Non-Networked,6,26,1,25,1527,7105
2019-04-01 00:00:00+00,CA,eVgo Network,1,2,2,0,1527,7105
2019-04-01 00:00:00+00,CA,Tesla Destination,4,11,0,11,1527,7105
2019-04-01 00:00:00+00,CA,EV Connect,13,82,0,82,1527,7105
2019-04-01 00:00:00+00,CA,OpConnect,1,2,0,2,1527,7105
2019-05-01 00:00:00+00,CA,EV Connect,1,4,0,4,1543,7160
2019-05-01 00:00:00+00,CA,Tesla Destination,4,17,0,17,1543,7160
2019-05-01 00:00:00+00,CA,Non-Networked,8,20,0,20,1543,7160
2019-05-01 00:00:00+00,CA,Electrify America,2,8,7,1,1543,7160
2019-05-01 00:00:00+00,CA,eVgo Network,1,6,6,0,1543,7160
2019-06-01 00:00:00+00,CA,eVgo Network,3,6,6,0,1557,7206
2019-06-01 00:00:00+00,CA,Tesla Destination,6,28,0,28,1557,7206
2019-06-01 00:00:00+00,CA,Blink Network,3,6,0,6,1557,7206
2019-06-01 00:00:00+00,CA,Non-Networked,1,2,0,2,1557,7206
2019-06-01 00:00:00+00,CA,Electrify America,1,4,3,1,1557,7206
2019-07-01 00:00:00+00,CA,Non-Networked,8,24,0,23,1586,7348
2019-07-01 00:00:00+00,CA,POWERFLEX,1,8,0,8,1586,7348
2019-07-01 00:00:00+00,CA,Blink Network,6,47,0,47,1586,7348
2019-07-01 00:00:00+00,CA,Electrify America,3,20,20,0,1586,7348
2019-07-01 00:00:00+00,CA,eVgo Network,5,19,19,0,1586,7348
2019-07-01 00:00:00+00,CA,Tesla Destination,4,18,0,18,1586,7348
2019-07-01 00:00:00+00,CA,EVGATEWAY,2,6,0,6,1586,7348
2019-08-01 00:00:00+00,CA,Tesla Destination,6,24,0,24,1609,7481
2019-08-01 00:00:00+00,CA,Blink Network,4,62,0,62,1609,7481
2019-08-01 00:00:00+00,CA,Non-Networked,4,17,4,1,1609,7481
2019-08-01 00:00:00+00,CA,Electrify America,3,16,14,2,1609,7481
2019-08-01 00:00:00+00,CA,eVgo Network,4,11,11,0,1609,7481
2019-08-01 00:00:00+00,CA,ChargePoint Network,2,3,0,3,1609,7481
2019-09-01 00:00:00+00,CA,Tesla Destination,5,28,0,28,1653,7916
2019-09-01 00:00:00+00,CA,Electrify America,4,16,14,2,1653,7916
2019-09-01 00:00:00+00,CA,Tesla,24,363,363,0,1653,7916
2019-09-01 00:00:00+00,CA,Non-Networked,4,11,0,11,1653,7916
2019-09-01 00:00:00+00,CA,eVgo Network,2,4,4,0,1653,7916
2019-09-01 00:00:00+00,CA,ChargePoint Network,2,2,2,0,1653,7916
2019-09-01 00:00:00+00,CA,Blink Network,3,11,0,11,1653,7916
2019-10-01 00:00:00+00,CA,eVgo Network,6,23,22,1,1682,8021
2019-10-01 00:00:00+00,CA,Tesla Destination,6,25,0,25,1682,8021
2019-10-01 00:00:00+00,CA,EV Connect,4,10,3,7,1682,8021
2019-10-01 00:00:00+00,CA,ChargePoint Network,2,4,0,4,1682,8021
2019-10-01 00:00:00+00,CA,Tesla,1,12,12,0,1682,8021
2019-10-01 00:00:00+00,CA,Electrify America,6,23,21,2,1682,8021
2019-10-01 00:00:00+00,CA,Blink Network,3,7,0,7,1682,8021
2019-10-01 00:00:00+00,CA,Non-Networked,1,1,0,1,1682,8021
2019-11-01 00:00:00+00,CA,Electrify America,8,35,31,4,1714,8234
2019-11-01 00:00:00+00,CA,Tesla,6,106,106,0,1714,8234
2019-11-01 00:00:00+00,CA,Non-Networked,8,21,2,19,1714,8234
2019-11-01 00:00:00+00,CA,eVgo Network,4,11,10,1,1714,8234
2019-11-01 00:00:00+00,CA,EVCS,2,12,6,6,1714,8234
2019-11-01 00:00:00+00,CA,Blink Network,4,28,0,28,1714,8234
2019-12-01 00:00:00+00,CA,ChargePoint Network,5,12,0,12,1745,8393
2019-12-01 00:00:00+00,CA,Electrify America,14,62,52,10,1745,8393
2019-12-01 00:00:00+00,CA,eVgo Network,2,8,8,0,1745,8393
2019-12-01 00:00:00+00,CA,Non-Networked,5,8,1,7,1745,8393
2019-12-01 00:00:00+00,CA,Blink Network,4,57,0,57,1745,8393
2020-01-01 00:00:00+00,CA,Non-Networked,1,1,0,1,1838,8690
2020-01-01 00:00:00+00,CA,Electrify America,13,64,59,5,1838,8690
2020-01-01 00:00:00+00,CA,POWERFLEX,1,16,0,16,1838,8690
2020-01-01 00:00:00+00,CA,EVCS,2,14,10,4,1838,8690
2020-01-01 00:00:00+00,CA,ChargePoint Network,7,11,1,10,1838,8690
2020-01-01 00:00:00+00,CA,FLO,58,58,0,58,1838,8690
2020-01-01 00:00:00+00,CA,Blink Network,4,13,0,13,1838,8690
2020-01-01 00:00:00+00,CA,Tesla,7,120,120,0,1838,8690
2020-02-01 00:00:00+00,CA,EVCS,2,20,16,4,1894,8938
2020-02-01 00:00:00+00,CA,POWERFLEX,3,36,0,36,1894,8938
2020-02-01 00:00:00+00,CA,eVgo Network,2,8,8,0,1894,8938
2020-02-01 00:00:00+00,CA,Electrify America,11,50,47,3,1894,8938
2020-02-01 00:00:00+00,CA,ChargePoint Network,18,33,1,32,1894,8938
2020-02-01 00:00:00+00,CA,FLO,12,12,0,12,1894,8938
2020-02-01 00:00:00+00,CA,Tesla,4,72,72,0,1894,8938
2020-02-01 00:00:00+00,CA,Blink Network,4,17,0,17,1894,8938
2020-03-01 00:00:00+00,CA,Blink Network,4,12,0,12,1964,9161
2020-03-01 00:00:00+00,CA,Electrify America,5,23,23,0,1964,9161
2020-03-01 00:00:00+00,CA,FLO,16,16,0,16,1964,9161
2020-03-01 00:00:00+00,CA,ChargePoint Network,32,55,1,54,1964,9161
2020-03-01 00:00:00+00,CA,EVCS,6,47,37,10,1964,9161
2020-03-01 00:00:00+00,CA,eVgo Network,2,8,6,2,1964,9161
2020-03-01 00:00:00+00,CA,Non-Networked,3,48,0,48,1964,9161
2020-03-01 00:00:00+00,CA,Tesla,1,10,10,0,1964,9161
2020-03-01 00:00:00+00,CA,EVGATEWAY,1,4,0,4,1964,9161
2020-04-01 00:00:00+00,CA,Electrify America,4,23,23,0,2009,9384
2020-04-01 00:00:00+00,CA,Tesla,2,32,32,0,2009,9384
2020-04-01 00:00:00+00,CA,EVGATEWAY,2,5,0,5,2009,9384
2020-04-01 00:00:00+00,CA,Non-Networked,13,54,2,44,2009,9384
2020-04-01 00:00:00+00,CA,Blink Network,2,12,0,12,2009,9384
2020-04-01 00:00:00+00,CA,ChargePoint Network,13,23,1,22,2009,9384
2020-04-01 00:00:00+00,CA,eVgo Network,1,2,2,0,2009,9384
2020-04-01 00:00:00+00,CA,POWERFLEX,2,66,0,66,2009,9384
2020-04-01 00:00:00+00,CA,FLO,6,6,0,6,2009,9384
2020-05-01 00:00:00+00,CA,ChargePoint Network,21,37,1,36,2053,9514
2020-05-01 00:00:00+00,CA,Tesla,3,40,40,0,2053,9514
2020-05-01 00:00:00+00,CA,FLO,13,13,0,13,2053,9514
2020-05-01 00:00:00+00,CA,eVgo Network,1,6,6,0,2053,9514
2020-05-01 00:00:00+00,CA,Non-Networked,3,15,4,11,2053,9514
2020-05-01 00:00:00+00,CA,POWERFLEX,1,3,0,3,2053,9514
2020-05-01 00:00:00+00,CA,Electrify America,1,10,10,0,2053,9514
2020-05-01 00:00:00+00,CA,Blink Network,1,6,0,6,2053,9514
2020-06-01 00:00:00+00,CA,EVCS,1,2,2,0,3472,12185
2020-06-01 00:00:00+00,CA,Non-Networked,4,6,1,5,3472,12185
2020-06-01 00:00:00+00,CA,eVgo Network,1,1,1,0,3472,12185
2020-06-01 00:00:00+00,CA,POWERFLEX,1,2,0,2,3472,12185
2020-06-01 00:00:00+00,CA,Electrify America,3,11,10,1,3472,12185
2020-06-01 00:00:00+00,CA,ChargePoint Network,1388,2520,39,2481,3472,12185
2020-06-01 00:00:00+00,CA,Blink Network,4,10,0,10,3472,12185
2020-06-01 00:00:00+00,CA,FLO,2,2,0,2,3472,12185
2020-06-01 00:00:00+00,CA,EVGATEWAY,2,12,0,12,3472,12185
2020-06-01 00:00:00+00,CA,EV Connect,10,57,2,55,3472,12185
2020-06-01 00:00:00+00,CA,Tesla,3,48,48,0,3472,12185
2020-07-01 00:00:00+00,CA,EV Connect,1,2,0,2,3525,12362
2020-07-01 00:00:00+00,CA,Tesla,5,78,78,0,3525,12362
2020-07-01 00:00:00+00,CA,Non-Networked,2,3,0,3,3525,12362
2020-07-01 00:00:00+00,CA,Electrify America,3,12,12,0,3525,12362
2020-07-01 00:00:00+00,CA,Blink Network,5,18,0,18,3525,12362
2020-07-01 00:00:00+00,CA,ChargePoint Network,37,64,3,61,3525,12362
2020-08-01 00:00:00+00,CA,EV Connect,1,2,0,2,3584,12647
2020-08-01 00:00:00+00,CA,ChargePoint Network,26,42,5,37,3584,12647
2020-08-01 00:00:00+00,CA,Non-Networked,4,15,0,15,3584,12647
2020-08-01 00:00:00+00,CA,Electrify America,8,42,41,1,3584,12647
2020-08-01 00:00:00+00,CA,POWERFLEX,3,30,4,26,3584,12647
2020-08-01 00:00:00+00,CA,Blink Network,4,16,0,16,3584,12647
2020-08-01 00:00:00+00,CA,Tesla,7,116,116,0,3584,12647
2020-08-01 00:00:00+00,CA,FLO,4,4,0,4,3584,12647
2020-08-01 00:00:00+00,CA,OpConnect,2,18,0,18,3584,12647
2020-09-01 00:00:00+00,CA,Electrify America,4,16,15,1,3646,12897
2020-09-01 00:00:00+00,CA,Blink Network,5,9,0,9,3646,12897
2020-09-01 00:00:00+00,CA,POWERFLEX,1,22,4,18,3646,12897
2020-09-01 00:00:00+00,CA,Non-Networked,4,6,0,6,3646,12897
2020-09-01 00:00:00+00,CA,Tesla,6,92,92,0,3646,12897
2020-09-01 00:00:00+00,CA,EV Connect,2,8,0,8,3646,12897
2020-09-01 00:00:00+00,CA,FLO,2,2,0,2,3646,12897
2020-09-01 00:00:00+00,CA,EVGATEWAY,1,29,0,29,3646,12897
2020-09-01 00:00:00+00,CA,ChargePoint Network,37,66,1,65,3646,12897
2020-10-01 00:00:00+00,CA,EV Connect,1,3,1,2,3772,14136
2020-10-01 00:00:00+00,CA,Electrify America,5,20,18,2,3772,14136
2020-10-01 00:00:00+00,CA,EVGATEWAY,1,30,0,30,3772,14136
2020-10-01 00:00:00+00,CA,Tesla,3,48,48,0,3772,14136
2020-10-01 00:00:00+00,CA,LOOP,81,1043,0,1043,3772,14136
2020-10-01 00:00:00+00,CA,Blink Network,5,30,0,30,3772,14136
2020-10-01 00:00:00+00,CA,Tesla Destination,1,2,0,2,3772,14136
2020-10-01 00:00:00+00,CA,eVgo Network,1,2,2,0,3772,14136
2020-10-01 00:00:00+00,CA,Non-Networked,6,25,0,25,3772,14136
2020-10-01 00:00:00+00,CA,ChargePoint Network,22,36,1,35,3772,14136
2020-11-01 00:00:00+00,CA,LOOP,17,255,0,255,3859,14938
2020-11-01 00:00:00+00,CA,Tesla Destination,6,23,0,23,3859,14938
2020-11-01 00:00:00+00,CA,ChargePoint Network,24,41,5,36,3859,14938
2020-11-01 00:00:00+00,CA,eVgo Network,1,2,2,0,3859,14938
2020-11-01 00:00:00+00,CA,Non-Networked,12,150,18,132,3859,14938
2020-11-01 00:00:00+00,CA,POWERFLEX,1,1,0,1,3859,14938
2020-11-01 00:00:00+00,CA,Electrify America,7,27,25,2,3859,14938
2020-11-01 00:00:00+00,CA,Blink Network,3,25,0,25,3859,14938
2020-11-01 00:00:00+00,CA,Tesla,16,278,278,0,3859,14938
2020-12-01 00:00:00+00,CA,Non-Networked,3,4,1,3,3962,15561
2020-12-01 00:00:00+00,CA,eVgo Network,2,5,5,0,3962,15561
2020-12-01 00:00:00+00,CA,ChargePoint Network,40,75,3,72,3962,15561
2020-12-01 00:00:00+00,CA,Tesla,5,98,98,0,3962,15561
2020-12-01 00:00:00+00,CA,EVCS,1,3,3,0,3962,15561
2020-12-01 00:00:00+00,CA,POWERFLEX,5,196,0,196,3962,15561
2020-12-01 00:00:00+00,CA,Blink Network,6,32,0,32,3962,15561
2020-12-01 00:00:00+00,CA,FLO,1,1,0,1,3962,15561
2020-12-01 00:00:00+00,CA,Electrify America,24,101,92,9,3962,15561
2020-12-01 00:00:00+00,CA,LOOP,16,108,0,108,3962,15561
2021-01-01 00:00:00+00,CA,EV Connect,4,19,1,18,7391,21943
2021-01-01 00:00:00+00,CA,eVgo Network,2,4,3,1,7391,21943
2021-01-01 00:00:00+00,CA,LOOP,2,42,0,42,7391,21943
2021-01-01 00:00:00+00,CA,Non-Networked,7,41,1,40,7391,21943
2021-01-01 00:00:00+00,CA,Tesla,4,92,92,0,7391,21943
2021-01-01 00:00:00+00,CA,POWERFLEX,4,61,0,61,7391,21943
2021-01-01 00:00:00+00,CA,ChargePoint Network,3399,6093,109,5984,7391,21943
2021-01-01 00:00:00+00,CA,FLO,1,6,0,6,7391,21943
2021-01-01 00:00:00+00,CA,Electrify America,6,24,24,0,7391,21943
2021-02-01 00:00:00+00,CA,Blink Network,2,12,0,12,7493,22199
2021-02-01 00:00:00+00,CA,eVgo Network,2,4,4,0,7493,22199
2021-02-01 00:00:00+00,CA,EVGATEWAY,1,4,0,4,7493,22199
2021-02-01 00:00:00+00,CA,ChargePoint Network,72,118,13,105,7493,22199
2021-02-01 00:00:00+00,CA,Tesla Destination,1,3,0,3,7493,22199
2021-02-01 00:00:00+00,CA,Electrify America,9,36,34,2,7493,22199
2021-02-01 00:00:00+00,CA,Non-Networked,8,20,16,4,7493,22199
2021-02-01 00:00:00+00,CA,LOOP,5,36,0,36,7493,22199
2021-02-01 00:00:00+00,CA,POWERFLEX,1,22,0,22,7493,22199
2021-02-01 00:00:00+00,CA,FLO,1,1,0,1,7493,22199
2021-03-01 00:00:00+00,CA,Electrify America,5,19,17,2,7571,22521
2021-03-01 00:00:00+00,CA,FLO,1,1,0,1,7571,22521
2021-03-01 00:00:00+00,CA,ChargePoint Network,49,85,5,80,7571,22521
2021-03-01 00:00:00+00,CA,LOOP,10,131,0,131,7571,22521
2021-03-01 00:00:00+00,CA,eVgo Network,2,6,6,0,7571,22521
2021-03-01 00:00:00+00,CA,Non-Networked,4,8,6,2,7571,22521
2021-03-01 00:00:00+00,CA,Tesla,6,68,68,0,7571,22521
2021-03-01 00:00:00+00,CA,EV Connect,1,4,0,4,7571,22521
2021-04-01 00:00:00+00,CA,Non-Networked,1,2,2,0,7695,22875
2021-04-01 00:00:00+00,CA,Electrify America,5,22,22,0,7695,22875
2021-04-01 00:00:00+00,CA,LOOP,8,87,0,87,7695,22875
2021-04-01 00:00:00+00,CA,EVCS,1,14,4,10,7695,22875
2021-04-01 00:00:00+00,CA,SHELL_RECHARGE,1,1,1,0,7695,22875
2021-04-01 00:00:00+00,CA,eVgo Network,2,8,8,0,7695,22875
2021-04-01 00:00:00+00,CA,ChargePoint Network,98,163,2,161,7695,22875
2021-04-01 00:00:00+00,CA,Blink Network,4,11,0,11,7695,22875
2021-04-01 00:00:00+00,CA,AMPUP,1,2,0,2,7695,22875
2021-04-01 00:00:00+00,CA,Tesla,3,44,44,0,7695,22875
2021-05-01 00:00:00+00,CA,ChargePoint Network,80,139,5,134,7816,23294
2021-05-01 00:00:00+00,CA,Tesla,8,110,110,0,7816,23294
2021-05-01 00:00:00+00,CA,eVgo Network,1,2,2,0,7816,23294
2021-05-01 00:00:00+00,CA,LOOP,3,31,0,31,7816,23294
2021-05-01 00:00:00+00,CA,POWERFLEX,1,2,0,2,7816,23294
2021-05-01 00:00:00+00,CA,Blink Network,5,31,2,29,7816,23294
2021-05-01 00:00:00+00,CA,Electrify America,23,104,100,4,7816,23294
2021-06-01 00:00:00+00,CA,EVGATEWAY,1,8,0,8,7912,23666
2021-06-01 00:00:00+00,CA,Tesla,6,100,100,0,7912,23666
2021-06-01 00:00:00+00,CA,POWERFLEX,4,61,8,53,7912,23666
2021-06-01 00:00:00+00,CA,LOOP,6,36,0,36,7912,23666
2021-06-01 00:00:00+00,CA,Electrify America,6,25,25,0,7912,23666
2021-06-01 00:00:00+00,CA,eVgo Network,1,5,5,0,7912,23666
2021-06-01 00:00:00+00,CA,Tesla Destination,3,10,0,10,7912,23666
2021-06-01 00:00:00+00,CA,Blink Network,3,8,2,6,7912,23666
2021-06-01 00:00:00+00,CA,Non-Networked,2,6,3,3,7912,23666
2021-06-01 00:00:00+00,CA,ChargePoint Network,64,113,4,109,7912,23666
2021-07-01 00:00:00+00,CA,Blink Network,4,18,0,18,8037,24003
2021-07-01 00:00:00+00,CA,LOOP,6,22,0,22,8037,24003
2021-07-01 00:00:00+00,CA,FLO,2,2,0,2,8037,24003
2021-07-01 00:00:00+00,CA,Non-Networked,1,4,0,4,8037,24003
2021-07-01 00:00:00+00,CA,Electrify America,4,15,15,0,8037,24003
2021-07-01 00:00:00+00,CA,ChargePoint Network,100,180,4,176,8037,24003
2021-07-01 00:00:00+00,CA,Tesla,5,80,80,0,8037,24003
2021-07-01 00:00:00+00,CA,eVgo Network,3,16,16,0,8037,24003
2021-08-01 00:00:00+00,CA,LOOP,7,130,0,130,8170,24591
2021-08-01 00:00:00+00,CA,Electrify America,4,16,16,0,8170,24591
2021-08-01 00:00:00+00,CA,POWERFLEX,5,104,8,96,8170,24591
2021-08-01 00:00:00+00,CA,eVgo Network,1,4,4,0,8170,24591
2021-08-01 00:00:00+00,CA,ChargePoint Network,103,191,1,190,8170,24591
2021-08-01 00:00:00+00,CA,Blink Network,2,11,0,11,8170,24591
2021-08-01 00:00:00+00,CA,Tesla,4,64,64,0,8170,24591
2021-08-01 00:00:00+00,CA,EV Connect,2,15,4,11,8170,24591
2021-08-01 00:00:00+00,CA,Non-Networked,4,41,0,12,8170,24591
2021-08-01 00:00:00+00,CA,EVGATEWAY,1,12,0,12,8170,24591
2021-09-01 00:00:00+00,CA,Non-Networked,4,7,7,0,8337,25129
2021-09-01 00:00:00+00,CA,Blink Network,14,43,0,43,8337,25129
2021-09-01 00:00:00+00,CA,LOOP,6,107,0,107,8337,25129
2021-09-01 00:00:00+00,CA,ChargePoint Network,136,245,6,239,8337,25129
2021-09-01 00:00:00+00,CA,Tesla,7,136,136,0,8337,25129
2021-10-01 00:00:00+00,CA,IN_CHARGE,1,1,1,0,8580,25863
2021-10-01 00:00:00+00,CA,Electrify America,7,48,48,0,8580,25863
2021-10-01 00:00:00+00,CA,Non-Networked,10,66,7,40,8580,25863
2021-10-01 00:00:00+00,CA,Blink Network,7,38,0,38,8580,25863
2021-10-01 00:00:00+00,CA,Tesla Destination,1,24,0,24,8580,25863
2021-10-01 00:00:00+00,CA,EVMATCH,3,12,0,12,8580,25863
2021-10-01 00:00:00+00,CA,ChargePoint Network,191,335,23,312,8580,25863
2021-10-01 00:00:00+00,CA,LOOP,8,82,0,82,8580,25863
2021-10-01 00:00:00+00,CA,EVGATEWAY,1,3,0,3,8580,25863
2021-10-01 00:00:00+00,CA,eVgo Network,1,3,3,0,8580,25863
2021-10-01 00:00:00+00,CA,Tesla,4,56,56,0,8580,25863
2021-10-01 00:00:00+00,CA,XEAL,1,2,0,2,8580,25863
2021-10-01 00:00:00+00,CA,EVCS,8,64,44,20,8580,25863
2021-11-01 00:00:00+00,CA,Electrify America,5,27,27,0,8718,26362
2021-11-01 00:00:00+00,CA,eVgo Network,1,4,4,0,8718,26362
2021-11-01 00:00:00+00,CA,EVRANGE,1,6,0,6,8718,26362
2021-11-01 00:00:00+00,CA,POWERFLEX,2,26,4,22,8718,26362
2021-11-01 00:00:00+00,CA,ChargePoint Network,110,170,25,145,8718,26362
2021-11-01 00:00:00+00,CA,Tesla,10,149,149,0,8718,26362
2021-11-01 00:00:00+00,CA,EVGATEWAY,1,35,0,35,8718,26362
2021-11-01 00:00:00+00,CA,LOOP,7,75,0,75,8718,26362
2021-11-01 00:00:00+00,CA,Non-Networked,1,7,0,7,8718,26362
2021-12-01 00:00:00+00,CA,EV Connect,1,4,0,4,8910,26928
2021-12-01 00:00:00+00,CA,eVgo Network,2,7,7,0,8910,26928
2021-12-01 00:00:00+00,CA,Blink Network,6,22,0,22,8910,26928
2021-12-01 00:00:00+00,CA,Electrify America,4,20,20,0,8910,26928
2021-12-01 00:00:00+00,CA,FLO,1,1,0,1,8910,26928
2021-12-01 00:00:00+00,CA,ChargePoint Network,156,272,10,262,8910,26928
2021-12-01 00:00:00+00,CA,LOOP,7,75,0,75,8910,26928
2021-12-01 00:00:00+00,CA,POWERFLEX,3,22,0,22,8910,26928
2021-12-01 00:00:00+00,CA,Tesla,4,68,68,0,8910,26928
2021-12-01 00:00:00+00,CA,RIVIAN_WAYPOINTS,3,10,0,10,8910,26928
2021-12-01 00:00:00+00,CA,Non-Networked,5,65,1,64,8910,26928
2022-01-01 00:00:00+00,CA,Tesla,1,16,16,0,9035,27257
2022-01-01 00:00:00+00,CA,Blink Network,2,8,0,8,9035,27257
2022-01-01 00:00:00+00,CA,LOOP,4,95,6,89,9035,27257
2022-01-01 00:00:00+00,CA,ChargePoint Network,109,172,10,162,9035,27257
2022-01-01 00:00:00+00,CA,EVCS,1,8,0,8,9035,27257
2022-01-01 00:00:00+00,CA,SHELL_RECHARGE,1,4,2,2,9035,27257
2022-01-01 00:00:00+00,CA,EVMATCH,1,2,0,2,9035,27257
2022-01-01 00:00:00+00,CA,Electrify America,5,22,22,0,9035,27257
2022-01-01 00:00:00+00,CA,Tesla Destination,1,2,0,2,9035,27257
2022-02-01 00:00:00+00,CA,eVgo Network,1,4,4,0,9211,27863
2022-02-01 00:00:00+00,CA,Blink Network,3,14,0,14,9211,27863
2022-02-01 00:00:00+00,CA,Electrify America,1,4,4,0,9211,27863
2022-02-01 00:00:00+00,CA,Tesla,10,178,178,0,9211,27863
2022-02-01 00:00:00+00,CA,TURNONGREEN,1,6,0,6,9211,27863
2022-02-01 00:00:00+00,CA,Non-Networked,2,10,8,2,9211,27863
2022-02-01 00:00:00+00,CA,EVGATEWAY,1,6,6,0,9211,27863
2022-02-01 00:00:00+00,CA,ChargePoint Network,146,222,12,210,9211,27863
2022-02-01 00:00:00+00,CA,EVCS,1,22,8,14,9211,27863
2022-02-01 00:00:00+00,CA,LOOP,9,136,0,136,9211,27863
2022-02-01 00:00:00+00,CA,SHELL_RECHARGE,1,4,2,2,9211,27863
2022-03-01 00:00:00+00,CA,Tesla,1,12,12,0,9399,28337
2022-03-01 00:00:00+00,CA,Blink Network,11,50,4,46,9399,28337
2022-03-01 00:00:00+00,CA,Tesla Destination,2,5,0,5,9399,28337
2022-03-01 00:00:00+00,CA,EVCS,3,18,12,6,9399,28337
2022-03-01 00:00:00+00,CA,LOOP,7,74,0,74,9399,28337
2022-03-01 00:00:00+00,CA,eVgo Network,4,20,20,0,9399,28337
2022-03-01 00:00:00+00,CA,EVGATEWAY,1,6,0,6,9399,28337
2022-03-01 00:00:00+00,CA,Electrify America,5,25,25,0,9399,28337
2022-03-01 00:00:00+00,CA,ChargePoint Network,152,260,7,253,9399,28337
2022-03-01 00:00:00+00,CA,RIVIAN_WAYPOINTS,1,2,0,2,9399,28337
2022-03-01 00:00:00+00,CA,SWTCH,1,2,0,2,9399,28337
2022-04-01 00:00:00+00,CA,Tesla Destination,1,8,0,8,9608,28884
2022-04-01 00:00:00+00,CA,ChargePoint Network,170,305,9,296,9608,28884
2022-04-01 00:00:00+00,CA,EVMATCH,1,4,0,4,9608,28884
2022-04-01 00:00:00+00,CA,Blink Network,16,69,0,69,9608,28884
2022-04-01 00:00:00+00,CA,EVCS,3,24,6,18,9608,28884
2022-04-01 00:00:00+00,CA,Electrify America,4,18,18,0,9608,28884
2022-04-01 00:00:00+00,CA,Non-Networked,1,2,2,0,9608,28884
2022-04-01 00:00:00+00,CA,POWERFLEX,1,20,0,20,9608,28884
2022-04-01 00:00:00+00,CA,Tesla,2,20,20,0,9608,28884
2022-04-01 00:00:00+00,CA,LOOP,8,72,0,72,9608,28884
2022-04-01 00:00:00+00,CA,EV Connect,1,4,0,4,9608,28884
2022-04-01 00:00:00+00,CA,FLO,1,1,0,1,9608,28884
2022-05-01 00:00:00+00,CA,Non-Networked,46,107,1,106,9835,29765
2022-05-01 00:00:00+00,CA,LOOP,10,135,0,135,9835,29765
2022-05-01 00:00:00+00,CA,EVCS,4,15,5,10,9835,29765
2022-05-01 00:00:00+00,CA,FLO,28,28,1,27,9835,29765
2022-05-01 00:00:00+00,CA,Tesla,8,186,186,0,9835,29765
2022-05-01 00:00:00+00,CA,Blink Network,11,55,0,55,9835,29765
2022-05-01 00:00:00+00,CA,RIVIAN_WAYPOINTS,1,4,0,4,9835,29765
2022-05-01 00:00:00+00,CA,EVGATEWAY,3,16,12,4,9835,29765
2022-05-01 00:00:00+00,CA,POWERFLEX,7,120,0,120,9835,29765
2022-05-01 00:00:00+00,CA,Tesla Destination,4,12,0,12,9835,29765
2022-05-01 00:00:00+00,CA,ChargePoint Network,100,183,3,180,9835,29765
2022-05-01 00:00:00+00,CA,Electrify America,5,20,20,0,9835,29765
2022-06-01 00:00:00+00,CA,EVRANGE,1,4,4,0,10040,30379
2022-06-01 00:00:00+00,CA,Blink Network,10,47,2,45,10040,30379
2022-06-01 00:00:00+00,CA,eVgo Network,6,34,34,0,10040,30379
2022-06-01 00:00:00+00,CA,LOOP,16,123,0,123,10040,30379
2022-06-01 00:00:00+00,CA,7CHARGE,2,4,4,0,10040,30379
2022-06-01 00:00:00+00,CA,RIVIAN_WAYPOINTS,3,6,0,6,10040,30379
2022-06-01 00:00:00+00,CA,ChargePoint Network,103,184,3,181,10040,30379
2022-06-01 00:00:00+00,CA,POWERFLEX,6,90,0,90,10040,30379
2022-06-01 00:00:00+00,CA,Tesla,4,45,45,0,10040,30379
2022-06-01 00:00:00+00,CA,Non-Networked,1,4,0,4,10040,30379
2022-06-01 00:00:00+00,CA,FLO,49,49,0,49,10040,30379
2022-06-01 00:00:00+00,CA,RIVIAN_ADVENTURE,2,12,12,0,10040,30379
2022-06-01 00:00:00+00,CA,Electrify America,1,4,4,0,10040,30379
2022-06-01 00:00:00+00,CA,EVCS,1,8,2,6,10040,30379
2022-07-01 00:00:00+00,CA,Non-Networked,6,24,6,18,10174,30907
2022-07-01 00:00:00+00,CA,EVCS,2,2,2,0,10174,30907
2022-07-01 00:00:00+00,CA,Electrify America,5,22,22,0,10174,30907
2022-07-01 00:00:00+00,CA,ChargePoint Network,56,99,3,96,10174,30907
2022-07-01 00:00:00+00,CA,Tesla Destination,2,4,0,4,10174,30907
2022-07-01 00:00:00+00,CA,eVgo Network,1,12,12,0,10174,30907
2022-07-01 00:00:00+00,CA,POWERFLEX,8,83,0,83,10174,30907
2022-07-01 00:00:00+00,CA,OpConnect,1,2,0,2,10174,30907
2022-07-01 00:00:00+00,CA,Tesla,3,48,48,0,10174,30907
2022-07-01 00:00:00+00,CA,Blink Network,11,36,0,36,10174,30907
2022-07-01 00:00:00+00,CA,FLO,29,35,0,35,10174,30907
2022-07-01 00:00:00+00,CA,LOOP,10,161,7,154,10174,30907
2022-08-01 00:00:00+00,CA,Tesla,6,68,68,0,10346,31507
2022-08-01 00:00:00+00,CA,EVGATEWAY,6,114,14,100,10346,31507
2022-08-01 00:00:00+00,CA,ChargePoint Network,100,156,6,150,10346,31507
2022-08-01 00:00:00+00,CA,Blink Network,7,25,0,25,10346,31507
2022-08-01 00:00:00+00,CA,EV Connect,1,4,0,4,10346,31507
2022-08-01 00:00:00+00,CA,FLO,22,22,0,22,10346,31507
2022-08-01 00:00:00+00,CA,AMPUP,1,30,0,30,10346,31507
2022-08-01 00:00:00+00,CA,LOOP,7,65,0,65,10346,31507
2022-08-01 00:00:00+00,CA,POWERFLEX,1,10,0,10,10346,31507
2022-08-01 00:00:00+00,CA,EVCS,2,2,2,0,10346,31507
2022-08-01 00:00:00+00,CA,Electrify America,1,6,6,0,10346,31507
2022-08-01 00:00:00+00,CA,RIVIAN_ADVENTURE,2,12,12,0,10346,31507
2022-08-01 00:00:00+00,CA,Non-Networked,11,38,4,34,10346,31507
2022-08-01 00:00:00+00,CA,Tesla Destination,3,34,0,34,10346,31507
2022-08-01 00:00:00+00,CA,EVRANGE,2,14,2,12,10346,31507
2022-09-01 00:00:00+00,CA,Tesla Destination,1,1,0,1,10546,32549
2022-09-01 00:00:00+00,CA,Electrify America,1,6,6,0,10546,32549
2022-09-01 00:00:00+00,CA,Non-Networked,3,8,0,8,10546,32549
2022-09-01 00:00:00+00,CA,FLO,2,2,0,2,10546,32549
2022-09-01 00:00:00+00,CA,EVRANGE,1,3,0,3,10546,32549
2022-09-01 00:00:00+00,CA,Blink Network,9,44,4,40,10546,32549
2022-09-01 00:00:00+00,CA,LOOP,7,50,14,36,10546,32549
2022-09-01 00:00:00+00,CA,Tesla,10,138,138,0,10546,32549
2022-09-01 00:00:00+00,CA,EVCS,7,22,9,13,10546,32549
2022-09-01 00:00:00+00,CA,ChargePoint Network,102,172,4,168,10546,32549
2022-09-01 00:00:00+00,CA,eVgo Network,7,40,40,0,10546,32549
2022-09-01 00:00:00+00,CA,AMPUP,17,376,0,376,10546,32549
2022-09-01 00:00:00+00,CA,EV Connect,29,150,5,145,10546,32549
2022-09-01 00:00:00+00,CA,POWERFLEX,3,24,0,24,10546,32549
2022-09-01 00:00:00+00,CA,RIVIAN_ADVENTURE,1,6,6,0,10546,32549
2022-10-01 00:00:00+00,CA,Blink Network,9,31,0,31,10796,33244
2022-10-01 00:00:00+00,CA,Tesla Destination,1,24,0,24,10796,33244
2022-10-01 00:00:00+00,CA,Tesla,10,139,139,0,10796,33244
2022-10-01 00:00:00+00,CA,EVCS,2,3,3,0,10796,33244
2022-10-01 00:00:00+00,CA,EVGATEWAY,1,8,8,0,10796,33244
2022-10-01 00:00:00+00,CA,eVgo Network,3,14,14,0,10796,33244
2022-10-01 00:00:00+00,CA,POWERFLEX,2,8,6,2,10796,33244
2022-10-01 00:00:00+00,CA,LOOP,5,46,0,46,10796,33244
2022-10-01 00:00:00+00,CA,ChargePoint Network,206,376,6,370,10796,33244
2022-10-01 00:00:00+00,CA,Non-Networked,4,10,6,4,10796,33244
2022-10-01 00:00:00+00,CA,CHARGENET,1,6,6,0,10796,33244
2022-10-01 00:00:00+00,CA,EVRANGE,2,6,4,2,10796,33244
2022-10-01 00:00:00+00,CA,Electrify America,3,16,16,0,10796,33244
2022-10-01 00:00:00+00,CA,FLO,1,8,0,8,10796,33244
2022-11-01 00:00:00+00,CA,LOOP,6,40,11,29,10916,33624
2022-11-01 00:00:00+00,CA,Tesla,4,56,56,0,10916,33624
2022-11-01 00:00:00+00,CA,Non-Networked,5,46,0,46,10916,33624
2022-11-01 00:00:00+00,CA,EVRANGE,2,5,0,5,10916,33624
2022-11-01 00:00:00+00,CA,ChargePoint Network,84,139,5,134,10916,33624
2022-11-01 00:00:00+00,CA,Blink Network,6,14,0,14,10916,33624
2022-11-01 00:00:00+00,CA,RIVIAN_WAYPOINTS,2,3,0,3,10916,33624
2022-11-01 00:00:00+00,CA,RIVIAN_ADVENTURE,2,14,14,0,10916,33624
2022-11-01 00:00:00+00,CA,Electrify America,1,10,10,0,10916,33624
2022-11-01 00:00:00+00,CA,eVgo Network,2,2,2,0,10916,33624
2022-11-01 00:00:00+00,CA,AMPUP,1,8,0,8,10916,33624
2022-11-01 00:00:00+00,CA,EVCS,5,43,16,27,10916,33624
2022-12-01 00:00:00+00,CA,ChargePoint Network,114,177,1,176,11073,34336
2022-12-01 00:00:00+00,CA,RIVIAN_WAYPOINTS,1,2,0,2,11073,34336
2022-12-01 00:00:00+00,CA,Tesla,13,275,275,0,11073,34336
2022-12-01 00:00:00+00,CA,POWERFLEX,2,50,0,50,11073,34336
2022-12-01 00:00:00+00,CA,EVCS,2,6,6,0,11073,34336
2022-12-01 00:00:00+00,CA,EV Connect,2,18,0,18,11073,34336
2022-12-01 00:00:00+00,CA,EVRANGE,1,4,4,0,11073,34336
2022-12-01 00:00:00+00,CA,eVgo Network,4,12,12,0,11073,34336
2022-12-01 00:00:00+00,CA,FLO,1,1,0,1,11073,34336
2022-12-01 00:00:00+00,CA,SWTCH,1,3,1,2,11073,34336
2022-12-01 00:00:00+00,CA,Non-Networked,6,119,8,77,11073,34336
2022-12-01 00:00:00+00,CA,LOOP,2,27,0,27,11073,34336
2022-12-01 00:00:00+00,CA,Blink Network,8,18,0,18,11073,34336
2023-01-01 00:00:00+00,CA,Tesla,3,44,44,0,11209,34751
2023-01-01 00:00:00+00,CA,FLO,1,1,0,1,11209,34751
2023-01-01 00:00:00+00,CA,eVgo Network,1,8,8,0,11209,34751
2023-01-01 00:00:00+00,CA,Non-Networked,4,58,0,58,11209,34751
2023-01-01 00:00:00+00,CA,EVCS,5,43,23,20,11209,34751
2023-01-01 00:00:00+00,CA,LOOP,6,44,0,44,11209,34751
2023-01-01 00:00:00+00,CA,AMPUP,2,8,0,8,11209,34751
2023-01-01 00:00:00+00,CA,TURNONGREEN,1,1,0,1,11209,34751
2023-01-01 00:00:00+00,CA,RIVIAN_ADVENTURE,1,6,6,0,11209,34751
2023-01-01 00:00:00+00,CA,EV Connect,1,4,2,2,11209,34751
2023-01-01 00:00:00+00,CA,Blink Network,2,8,0,8,11209,34751
2023-01-01 00:00:00+00,CA,ChargePoint Network,109,190,9,181,11209,34751
2023-02-01 00:00:00+00,CA,EVGATEWAY,2,6,0,6,11430,35263
2023-02-01 00:00:00+00,CA,EVMATCH,1,6,0,6,11430,35263
2023-02-01 00:00:00+00,CA,FLO,1,1,0,1,11430,35263
2023-02-01 00:00:00+00,CA,ChargePoint Network,189,301,16,285,11430,35263
2023-02-01 00:00:00+00,CA,LOOP,5,26,0,26,11430,35263
2023-02-01 00:00:00+00,CA,EVRANGE,1,10,0,10,11430,35263
2023-02-01 00:00:00+00,CA,RIVIAN_ADVENTURE,1,6,6,0,11430,35263
2023-02-01 00:00:00+00,CA,Tesla,4,56,56,0,11430,35263
2023-02-01 00:00:00+00,CA,EVCS,2,53,17,36,11430,35263
2023-02-01 00:00:00+00,CA,Non-Networked,6,13,0,13,11430,35263
2023-02-01 00:00:00+00,CA,Blink Network,4,8,0,8,11430,35263
2023-02-01 00:00:00+00,CA,eVgo Network,5,26,26,0,11430,35263
2023-03-01 00:00:00+00,CA,Tesla,7,164,164,0,11563,35805
2023-03-01 00:00:00+00,CA,eVgo Network,3,22,22,0,11563,35805
2023-03-01 00:00:00+00,CA,ChargePoint Network,93,163,1,162,11563,35805
2023-03-01 00:00:00+00,CA,Electrify America,2,8,8,0,11563,35805
2023-03-01 00:00:00+00,CA,EV Connect,2,20,0,20,11563,35805
2023-03-01 00:00:00+00,CA,OpConnect,1,2,0,2,11563,35805
2023-03-01 00:00:00+00,CA,EVCS,3,8,6,2,11563,35805
2023-03-01 00:00:00+00,CA,CHARGIE,2,20,0,20,11563,35805
2023-03-01 00:00:00+00,CA,EVRANGE,1,10,0,10,11563,35805
2023-03-01 00:00:00+00,CA,Non-Networked,1,1,0,1,11563,35805
2023-03-01 00:00:00+00,CA,CHAEVI,4,43,38,5,11563,35805
2023-03-01 00:00:00+00,CA,LOOP,4,35,0,35,11563,35805
2023-03-01 00:00:00+00,CA,FLO,1,1,0,1,11563,35805
2023-03-01 00:00:00+00,CA,AMPUP,1,4,0,4,11563,35805
2023-03-01 00:00:00+00,CA,Blink Network,8,41,2,39,11563,35805
2023-04-01 00:00:00+00,CA,ChargePoint Network,61,117,3,114,11672,36085
2023-04-01 00:00:00+00,CA,TURNONGREEN,2,3,0,3,11672,36085
2023-04-01 00:00:00+00,CA,Blink Network,1,6,6,0,11672,36085
2023-04-01 00:00:00+00,CA,Electrify America,1,4,4,0,11672,36085
2023-04-01 00:00:00+00,CA,AMPUP,3,6,0,6,11672,36085
2023-04-01 00:00:00+00,CA,POWERFLEX,1,30,4,26,11672,36085
2023-04-01 00:00:00+00,CA,Tesla,3,36,36,0,11672,36085
2023-04-01 00:00:00+00,CA,LOOP,4,14,0,14,11672,36085
2023-04-01 00:00:00+00,CA,Non-Networked,2,20,0,20,11672,36085
2023-04-01 00:00:00+00,CA,FLASH,2,8,0,8,11672,36085
2023-04-01 00:00:00+00,CA,FLO,28,35,0,35,11672,36085
2023-04-01 00:00:00+00,CA,SWTCH,1,1,0,1,11672,36085
2023-05-01 00:00:00+00,CA,ChargePoint Network,110,188,5,183,11874,36606
2023-05-01 00:00:00+00,CA,POWERFLEX,1,12,12,0,11874,36606
2023-05-01 00:00:00+00,CA,Tesla,6,92,92,0,11874,36606
2023-05-01 00:00:00+00,CA,EVGATEWAY,2,9,8,1,11874,36606
2023-05-01 00:00:00+00,CA,Non-Networked,4,26,0,26,11874,36606
2023-05-01 00:00:00+00,CA,CIRCLE_K,2,8,8,0,11874,36606
2023-05-01 00:00:00+00,CA,EVMATCH,1,6,0,6,11874,36606
2023-05-01 00:00:00+00,CA,EVCS,2,13,13,0,11874,36606
2023-05-01 00:00:00+00,CA,TURNONGREEN,2,8,0,8,11874,36606
2023-05-01 00:00:00+00,CA,AMPUP,1,10,0,10,11874,36606
2023-05-01 00:00:00+00,CA,Electrify America,2,8,8,0,11874,36606
2023-05-01 00:00:00+00,CA,LOOP,5,49,0,49,11874,36606
2023-05-01 00:00:00+00,CA,FLO,54,57,0,57,11874,36606
2023-05-01 00:00:00+00,CA,Blink Network,3,5,0,5,11874,36606
2023-05-01 00:00:00+00,CA,EV Connect,2,6,1,5,11874,36606
2023-05-01 00:00:00+00,CA,eVgo Network,5,24,24,0,11874,36606
2023-06-01 00:00:00+00,CA,Blink Network,6,22,4,18,12557,38291
2023-06-01 00:00:00+00,CA,SHELL_RECHARGE,1,4,2,2,12557,38291
2023-06-01 00:00:00+00,CA,EVGATEWAY,2,27,6,21,12557,38291
2023-06-01 00:00:00+00,CA,EVRANGE,1,4,0,4,12557,38291
2023-06-01 00:00:00+00,CA,WATT_EV,1,26,26,0,12557,38291
2023-06-01 00:00:00+00,CA,ChargePoint Network,565,971,20,951,12557,38291
2023-06-01 00:00:00+00,CA,EV Connect,1,1,0,1,12557,38291
2023-06-01 00:00:00+00,CA,Non-Networked,3,10,0,10,12557,38291
2023-06-01 00:00:00+00,CA,CHAEVI,1,10,10,0,12557,38291
2023-06-01 00:00:00+00,CA,eVgo Network,10,64,64,0,12557,38291
2023-06-01 00:00:00+00,CA,FLO,44,44,0,44,12557,38291
2023-06-01 00:00:00+00,CA,RIVIAN_WAYPOINTS,1,2,0,2,12557,38291
2023-06-01 00:00:00+00,CA,AMPUP,2,11,0,11,12557,38291
2023-06-01 00:00:00+00,CA,TURNONGREEN,1,1,0,1,12557,38291
2023-06-01 00:00:00+00,CA,LOOP,5,29,0,29,12557,38291
2023-06-01 00:00:00+00,CA,EVCS,4,33,4,29,12557,38291
2023-06-01 00:00:00+00,CA,Tesla,12,176,176,0,12557,38291
2023-06-01 00:00:00+00,CA,POWERFLEX,2,62,12,50,12557,38291
2023-06-01 00:00:00+00,CA,Electrify America,20,134,134,0,12557,38291
2023-06-01 00:00:00+00,CA,EVIUM,1,54,0,54,12557,38291
2023-07-01 00:00:00+00,CA,LOOP,4,15,0,15,12732,38853
2023-07-01 00:00:00+00,CA,AMPUP,1,31,0,31,12732,38853
2023-07-01 00:00:00+00,CA,EVCS,5,31,8,23,12732,38853
2023-07-01 00:00:00+00,CA,CIRCLE_K,3,15,15,0,12732,38853
2023-07-01 00:00:00+00,CA,RIVIAN_ADVENTURE,1,6,6,0,12732,38853
2023-07-01 00:00:00+00,CA,EVGATEWAY,2,106,11,95,12732,38853
2023-07-01 00:00:00+00,CA,7CHARGE,1,4,4,0,12732,38853
2023-07-01 00:00:00+00,CA,EVRANGE,1,2,0,2,12732,38853
2023-07-01 00:00:00+00,CA,Non-Networked,5,25,4,21,12732,38853
2023-07-01 00:00:00+00,CA,eVgo Network,5,26,26,0,12732,38853
2023-07-01 00:00:00+00,CA,EV Connect,2,3,0,3,12732,38853
2023-07-01 00:00:00+00,CA,ChargePoint Network,116,191,22,169,12732,38853
2023-07-01 00:00:00+00,CA,Blink Network,8,34,0,34,12732,38853
2023-07-01 00:00:00+00,CA,Tesla,4,48,48,0,12732,38853
2023-07-01 00:00:00+00,CA,RIVIAN_WAYPOINTS,1,8,0,8,12732,38853
2023-07-01 00:00:00+00,CA,FLO,16,17,0,17,12732,38853
2023-08-01 00:00:00+00,CA,EVCS,3,5,5,0,12863,39395
2023-08-01 00:00:00+00,CA,LOOP,7,152,0,152,12863,39395
2023-08-01 00:00:00+00,CA,ChargePoint Network,99,180,1,179,12863,39395
2023-08-01 00:00:00+00,CA,AMPUP,1,17,0,17,12863,39395
2023-08-01 00:00:00+00,CA,Blink Network,4,44,0,44,12863,39395
2023-08-01 00:00:00+00,CA,OpConnect,1,19,0,19,12863,39395
2023-08-01 00:00:00+00,CA,Tesla,9,97,97,0,12863,39395
2023-08-01 00:00:00+00,CA,EVRANGE,1,2,0,2,12863,39395
2023-08-01 00:00:00+00,CA,CHAEVI,1,2,2,0,12863,39395
2023-08-01 00:00:00+00,CA,eVgo Network,2,12,12,0,12863,39395
2023-08-01 00:00:00+00,CA,EV Connect,2,4,4,0,12863,39395
2023-08-01 00:00:00+00,CA,FLITWAY,1,8,0,8,12863,39395
2023-09-01 00:00:00+00,CA,EV Connect,1,4,4,0,13028,40097
2023-09-01 00:00:00+00,CA,eVgo Network,7,44,44,0,13028,40097
2023-09-01 00:00:00+00,CA,POWERFLEX,1,11,0,11,13028,40097
2023-09-01 00:00:00+00,CA,Tesla,11,176,176,0,13028,40097
2023-09-01 00:00:00+00,CA,RIVIAN_ADVENTURE,1,3,3,0,13028,40097
2023-09-01 00:00:00+00,CA,Non-Networked,3,16,3,13,13028,40097
2023-09-01 00:00:00+00,CA,CIRCLE_K,1,4,4,0,13028,40097
2023-09-01 00:00:00+00,CA,ChargePoint Network,114,220,1,219,13028,40097
2023-09-01 00:00:00+00,CA,LOOP,12,160,1,159,13028,40097
2023-09-01 00:00:00+00,CA,EVGATEWAY,3,23,4,19,13028,40097
2023-09-01 00:00:00+00,CA,FLO,1,1,0,1,13028,40097
2023-09-01 00:00:00+00,CA,AMPUP,1,1,0,1,13028,40097
2023-09-01 00:00:00+00,CA,Blink Network,8,35,2,33,13028,40097
2023-09-01 00:00:00+00,CA,EVRANGE,1,4,4,0,13028,40097
2023-10-01 00:00:00+00,CA,EVCS,3,18,18,0,13254,40744
2023-10-01 00:00:00+00,CA,eVgo Network,2,30,30,0,13254,40744
2023-10-01 00:00:00+00,CA,ChargePoint Network,178,317,2,315,13254,40744
2023-10-01 00:00:00+00,CA,EV Connect,2,3,1,2,13254,40744
2023-10-01 00:00:00+00,CA,Tesla,8,122,122,0,13254,40744
2023-10-01 00:00:00+00,CA,RIVIAN_WAYPOINTS,2,4,0,4,13254,40744
2023-10-01 00:00:00+00,CA,EVRANGE,4,32,32,0,13254,40744
2023-10-01 00:00:00+00,CA,FLO,3,15,0,15,13254,40744
2023-10-01 00:00:00+00,CA,CHARGEUP,1,2,0,2,13254,40744
2023-10-01 00:00:00+00,CA,Non-Networked,3,5,0,5,13254,40744
2023-10-01 00:00:00+00,CA,DIRT_ROAD,2,8,0,8,13254,40744
2023-10-01 00:00:00+00,CA,OpConnect,1,1,0,1,13254,40744
2023-10-01 00:00:00+00,CA,LOOP,7,50,0,50,13254,40744
2023-10-01 00:00:00+00,CA,Blink Network,5,19,0,19,13254,40744
2023-10-01 00:00:00+00,CA,TURNONGREEN,2,9,0,9,13254,40744
2023-10-01 00:00:00+00,CA,Electrify America,2,10,10,0,13254,40744
2023-10-01 00:00:00+00,CA,7CHARGE,1,2,2,0,13254,40744
2023-11-01 00:00:00+00,CA,LOOP,7,109,0,109,13390,41464
2023-11-01 00:00:00+00,CA,EVRANGE,1,4,4,0,13390,41464
2023-11-01 00:00:00+00,CA,OpConnect,2,16,0,16,13390,41464
2023-11-01 00:00:00+00,CA,SHELL_RECHARGE,4,19,0,19,13390,41464
2023-11-01 00:00:00+00,CA,EV Connect,2,11,2,9,13390,41464
2023-11-01 00:00:00+00,CA,EVGATEWAY,1,4,0,4,13390,41464
2023-11-01 00:00:00+00,CA,TURNONGREEN,1,6,0,6,13390,41464
2023-11-01 00:00:00+00,CA,RIVIAN_ADVENTURE,2,15,15,0,13390,41464
2023-11-01 00:00:00+00,CA,eVgo Network,1,4,4,0,13390,41464
2023-11-01 00:00:00+00,CA,EVCS,1,5,0,5,13390,41464
2023-11-01 00:00:00+00,CA,Non-Networked,3,24,0,24,13390,41464
2023-11-01 00:00:00+00,CA,ChargePoint Network,82,134,10,124,13390,41464
2023-11-01 00:00:00+00,CA,7CHARGE,1,2,2,0,13390,41464
2023-11-01 00:00:00+00,CA,STAY_N_CHARGE,5,10,0,10,13390,41464
2023-11-01 00:00:00+00,CA,POWERFLEX,3,155,8,147,13390,41464
2023-11-01 00:00:00+00,CA,Blink Network,4,17,2,15,13390,41464
2023-11-01 00:00:00+00,CA,FLO,2,5,0,5,13390,41464
2023-11-01 00:00:00+00,CA,RIVIAN_WAYPOINTS,2,6,0,6,13390,41464
2023-11-01 00:00:00+00,CA,Tesla,12,174,174,0,13390,41464
2023-12-01 00:00:00+00,CA,EVMATCH,1,4,0,4,13532,42003
2023-12-01 00:00:00+00,CA,OpConnect,1,6,0,6,13532,42003
2023-12-01 00:00:00+00,CA,AMPUP,1,6,0,6,13532,42003
2023-12-01 00:00:00+00,CA,Non-Networked,6,25,0,25,13532,42003
2023-12-01 00:00:00+00,CA,7CHARGE,1,3,3,0,13532,42003
2023-12-01 00:00:00+00,CA,EV Connect,2,7,3,4,13532,42003
2023-12-01 00:00:00+00,CA,LOOP,9,92,12,80,13532,42003
2023-12-01 00:00:00+00,CA,ChargePoint Network,94,156,18,138,13532,42003
2023-12-01 00:00:00+00,CA,Tesla,9,140,140,0,13532,42003
2023-12-01 00:00:00+00,CA,RIVIAN_ADVENTURE,1,6,6,0,13532,42003
2023-12-01 00:00:00+00,CA,SWTCH,1,4,0,4,13532,42003
2023-12-01 00:00:00+00,CA,EVCS,4,12,12,0,13532,42003
2023-12-01 00:00:00+00,CA,Blink Network,7,38,8,30,13532,42003
2023-12-01 00:00:00+00,CA,eVgo Network,5,40,40,0,13532,42003
2024-01-01 00:00:00+00,CA,CHARGENET,1,6,6,0,13696,42546
2024-01-01 00:00:00+00,CA,TURNONGREEN,2,7,0,7,13696,42546
2024-01-01 00:00:00+00,CA,SWTCH,1,2,0,2,13696,42546
2024-01-01 00:00:00+00,CA,eVgo Network,4,24,24,0,13696,42546
2024-01-01 00:00:00+00,CA,LOOP,7,43,0,43,13696,42546
2024-01-01 00:00:00+00,CA,AMPUP,1,2,0,2,13696,42546
2024-01-01 00:00:00+00,CA,ChargePoint Network,112,187,14,173,13696,42546
2024-01-01 00:00:00+00,CA,Non-Networked,5,41,1,40,13696,42546
2024-01-01 00:00:00+00,CA,Tesla,12,168,168,0,13696,42546
2024-01-01 00:00:00+00,CA,EVCS,6,19,18,1,13696,42546
2024-01-01 00:00:00+00,CA,CHARGIE,1,16,0,16,13696,42546
2024-01-01 00:00:00+00,CA,DIRT_ROAD,1,2,0,2,13696,42546
2024-01-01 00:00:00+00,CA,POWERFLEX,1,10,0,10,13696,42546
2024-01-01 00:00:00+00,CA,Blink Network,2,8,0,8,13696,42546
2024-01-01 00:00:00+00,CA,FLO,8,8,0,8,13696,42546
2024-02-01 00:00:00+00,CA,Blink Network,4,30,0,30,13847,43254
2024-02-01 00:00:00+00,CA,Non-Networked,2,5,0,5,13847,43254
2024-02-01 00:00:00+00,CA,LOOP,11,118,0,118,13847,43254
2024-02-01 00:00:00+00,CA,ChargePoint Network,105,182,8,174,13847,43254
2024-02-01 00:00:00+00,CA,POWERFLEX,7,220,16,204,13847,43254
2024-02-01 00:00:00+00,CA,EVCS,1,4,2,2,13847,43254
2024-02-01 00:00:00+00,CA,TURNONGREEN,1,5,0,5,13847,43254
2024-02-01 00:00:00+00,CA,7CHARGE,1,4,4,0,13847,43254
2024-02-01 00:00:00+00,CA,EV Connect,2,6,4,2,13847,43254
2024-02-01 00:00:00+00,CA,Tesla,6,76,76,0,13847,43254
2024-02-01 00:00:00+00,CA,Electrify America,1,8,8,0,13847,43254
2024-02-01 00:00:00+00,CA,Tesla Destination,1,6,0,6,13847,43254
2024-02-01 00:00:00+00,CA,eVgo Network,2,10,10,0,13847,43254
2024-02-01 00:00:00+00,CA,CIRCLE_K,1,4,4,0,13847,43254
2024-02-01 00:00:00+00,CA,RIVIAN_WAYPOINTS,2,16,0,16,13847,43254
2024-02-01 00:00:00+00,CA,AMPUP,3,6,0,6,13847,43254
2024-02-01 00:00:00+00,CA,OpConnect,1,8,0,8,13847,43254
2024-03-01 00:00:00+00,CA,Blink Network,7,30,0,30,13962,43923
2024-03-01 00:00:00+00,CA,Non-Networked,1,2,0,2,13962,43923
2024-03-01 00:00:00+00,CA,FLO,3,3,0,3,13962,43923
2024-03-01 00:00:00+00,CA,OpConnect,1,5,0,5,13962,43923
2024-03-01 00:00:00+00,CA,AMPUP,7,47,2,45,13962,43923
2024-03-01 00:00:00+00,CA,Tesla,7,116,116,0,13962,43923
2024-03-01 00:00:00+00,CA,Tesla Destination,1,9,0,9,13962,43923
2024-03-01 00:00:00+00,CA,BP_PULSE,1,4,4,0,13962,43923
2024-03-01 00:00:00+00,CA,Electrify America,1,6,6,0,13962,43923
2024-03-01 00:00:00+00,CA,EV Connect,1,1,0,1,13962,43923
2024-03-01 00:00:00+00,CA,CHARGENET,1,6,6,0,13962,43923
2024-03-01 00:00:00+00,CA,POWERFLEX,15,246,0,246,13962,43923
2024-03-01 00:00:00+00,CA,LOOP,6,46,0,46,13962,43923
2024-03-01 00:00:00+00,CA,ChargePoint Network,54,91,6,85,13962,43923
2024-03-01 00:00:00+00,CA,SWTCH,1,6,0,6,13962,43923
2024-03-01 00:00:00+00,CA,eVgo Network,8,51,51,0,13962,43923
2024-04-01 00:00:00+00,CA,EVCS,40,258,120,138,14261,45456
2024-04-01 00:00:00+00,CA,AMPUP,1,2,0,2,14261,45456
2024-04-01 00:00:00+00,CA,EVMATCH,1,6,0,6,14261,45456
2024-04-01 00:00:00+00,CA,ChargePoint Network,143,231,11,220,14261,45456
2024-04-01 00:00:00+00,CA,RIVIAN_WAYPOINTS,1,20,0,20,14261,45456
2024-04-01 00:00:00+00,CA,POWERFLEX,8,130,0,130,14261,45456
2024-04-01 00:00:00+00,CA,NOODOE,37,241,6,235,14261,45456
2024-04-01 00:00:00+00,CA,CHARGIE,1,10,0,10,14261,45456
2024-04-01 00:00:00+00,CA,Blink Network,7,69,2,67,14261,45456
2024-04-01 00:00:00+00,CA,WATT_EV,3,86,86,0,14261,45456
2024-04-01 00:00:00+00,CA,eVgo Network,2,12,12,0,14261,45456
2024-04-01 00:00:00+00,CA,EV Connect,1,8,0,8,14261,45456
2024-04-01 00:00:00+00,CA,LOOP,7,48,4,44,14261,45456
2024-04-01 00:00:00+00,CA,SWTCH,10,72,0,72,14261,45456
2024-04-01 00:00:00+00,CA,Tesla Destination,1,9,0,9,14261,45456
2024-04-01 00:00:00+00,CA,OpConnect,3,38,0,38,14261,45456
2024-04-01 00:00:00+00,CA,RIVIAN_ADVENTURE,1,8,8,0,14261,45456
2024-04-01 00:00:00+00,CA,Non-Networked,1,2,0,2,14261,45456
2024-04-01 00:00:00+00,CA,TURNONGREEN,1,4,0,4,14261,45456
2024-04-01 00:00:00+00,CA,Tesla,12,168,168,0,14261,45456
2024-04-01 00:00:00+00,CA,AUTEL,2,20,0,20,14261,45456
2024-04-01 00:00:00+00,CA,FLO,4,4,0,4,14261,45456
2024-04-01 00:00:00+00,CA,ABM,12,87,5,82,14261,45456
2024-05-01 00:00:00+00,CA,Blink Network,13,29,4,25,14435,46065
2024-05-01 00:00:00+00,CA,eVgo Network,2,18,18,0,14435,46065
2024-05-01 00:00:00+00,CA,7CHARGE,1,4,4,0,14435,46065
2024-05-01 00:00:00+00,CA,ChargePoint Network,116,207,4,203,14435,46065
2024-05-01 00:00:00+00,CA,FLO,2,3,0,3,14435,46065
2024-05-01 00:00:00+00,CA,NOODOE,10,42,0,42,14435,46065
2024-05-01 00:00:00+00,CA,LOOP,5,71,0,71,14435,46065
2024-05-01 00:00:00+00,CA,OpConnect,2,32,0,32,14435,46065
2024-05-01 00:00:00+00,CA,Tesla,4,52,52,0,14435,46065
2024-05-01 00:00:00+00,CA,Non-Networked,7,40,0,40,14435,46065
2024-05-01 00:00:00+00,CA,POWERFLEX,2,50,0,50,14435,46065
2024-05-01 00:00:00+00,CA,EV Connect,1,10,10,0,14435,46065
2024-05-01 00:00:00+00,CA,AMPUP,7,48,0,48,14435,46065
2024-05-01 00:00:00+00,CA,EVCS,2,3,1,2,14435,46065
2024-06-01 00:00:00+00,CA,Tesla,7,88,88,0,14585,46538
2024-06-01 00:00:00+00,CA,LOOP,9,73,0,73,14585,46538
2024-06-01 00:00:00+00,CA,eVgo Network,4,24,24,0,14585,46538
2024-06-01 00:00:00+00,CA,RIVIAN_WAYPOINTS,1,4,0,4,14585,46538
2024-06-01 00:00:00+00,CA,WATT_EV,1,5,5,0,14585,46538
2024-06-01 00:00:00+00,CA,ChargePoint Network,70,119,1,118,14585,46538
2024-06-01 00:00:00+00,CA,POWERFLEX,1,10,0,10,14585,46538
2024-06-01 00:00:00+00,CA,CHARGIE,1,40,0,40,14585,46538
2024-06-01 00:00:00+00,CA,AMPUP,45,51,0,51,14585,46538
2024-06-01 00:00:00+00,CA,OpConnect,1,4,0,4,14585,46538
2024-06-01 00:00:00+00,CA,Blink Network,1,1,1,0,14585,46538
2024-06-01 00:00:00+00,CA,AUTEL,1,1,0,1,14585,46538
2024-06-01 00:00:00+00,CA,Non-Networked,1,2,2,0,14585,46538
2024-06-01 00:00:00+00,CA,EVCS,4,34,12,22,14585,46538
2024-06-01 00:00:00+00,CA,EV Connect,1,1,0,1,14585,46538
2024-06-01 00:00:00+00,CA,RIVIAN_ADVENTURE,1,6,6,0,14585,46538
2024-06-01 00:00:00+00,CA,CHARGENET,1,10,10,0,14585,46538
2024-07-01 00:00:00+00,CA,Tesla,8,96,96,0,14813,47407
2024-07-01 00:00:00+00,CA,ABM,2,4,0,4,14813,47407
2024-07-01 00:00:00+00,CA,EVCS,1,21,12,9,14813,47407
2024-07-01 00:00:00+00,CA,Blink Network,5,17,2,15,14813,47407
2024-07-01 00:00:00+00,CA,EVPASSPORT,2,8,4,4,14813,47407
2024-07-01 00:00:00+00,CA,EPIC_CHARGING,6,23,0,23,14813,47407
2024-07-01 00:00:00+00,CA,EVMATCH,2,18,0,18,14813,47407
2024-07-01 00:00:00+00,CA,AMPUP,18,18,0,18,14813,47407
2024-07-01 00:00:00+00,CA,Non-Networked,5,31,10,21,14813,47407
2024-07-01 00:00:00+00,CA,LOOP,19,114,5,109,14813,47407
2024-07-01 00:00:00+00,CA,ChargePoint Network,97,172,7,165,14813,47407
2024-07-01 00:00:00+00,CA,POWERFLEX,1,20,0,20,14813,47407
2024-07-01 00:00:00+00,CA,Tesla Destination,58,301,0,301,14813,47407
2024-07-01 00:00:00+00,CA,VIALYNK,2,22,0,22,14813,47407
2024-07-01 00:00:00+00,CA,AUTEL,2,4,0,4,14813,47407
2024-08-01 00:00:00+00,CA,OpConnect,1,4,0,4,15040,48308
2024-08-01 00:00:00+00,CA,LOOP,11,75,0,75,15040,48308
2024-08-01 00:00:00+00,CA,Non-Networked,7,26,0,26,15040,48308
2024-08-01 00:00:00+00,CA,POWERFLEX,8,153,0,153,15040,48308
2024-08-01 00:00:00+00,CA,EVMATCH,1,3,0,3,15040,48308
2024-08-01 00:00:00+00,CA,Tesla,12,200,200,0,15040,48308
2024-08-01 00:00:00+00,CA,RIVIAN_WAYPOINTS,1,24,0,24,15040,48308
2024-08-01 00:00:00+00,CA,CHAEVI,1,2,2,0,15040,48308
2024-08-01 00:00:00+00,CA,eVgo Network,6,42,42,0,15040,48308
2024-08-01 00:00:00+00,CA,AMPUP,30,30,0,30,15040,48308
2024-08-01 00:00:00+00,CA,EVCS,7,36,8,28,15040,48308
2024-08-01 00:00:00+00,CA,FLASH,1,32,0,32,15040,48308
2024-08-01 00:00:00+00,CA,ABM,1,1,0,1,15040,48308
2024-08-01 00:00:00+00,CA,ELECTRIC_ERA,1,8,8,0,15040,48308
2024-08-01 00:00:00+00,CA,AUTEL,3,14,0,14,15040,48308
2024-08-01 00:00:00+00,CA,TURNONGREEN,2,8,0,8,15040,48308
2024-08-01 00:00:00+00,CA,EV Connect,3,15,9,6,15040,48308
2024-08-01 00:00:00+00,CA,CHARGESMART_EV,2,3,2,1,15040,48308
2024-08-01 00:00:00+00,CA,ChargePoint Network,129,225,1,224,15040,48308
2024-09-01 00:00:00+00,CA,eVgo Network,4,26,26,0,15183,48906
2024-09-01 00:00:00+00,CA,RIVIAN_WAYPOINTS,1,1,0,1,15183,48906
2024-09-01 00:00:00+00,CA,ChargePoint Network,101,170,4,166,15183,48906
2024-09-01 00:00:00+00,CA,TURNONGREEN,1,6,0,6,15183,48906
2024-09-01 00:00:00+00,CA,EV Connect,2,10,0,10,15183,48906
2024-09-01 00:00:00+00,CA,POWERFLEX,2,30,0,30,15183,48906
2024-09-01 00:00:00+00,CA,Tesla,12,216,216,0,15183,48906
2024-09-01 00:00:00+00,CA,EVOKE,1,2,0,2,15183,48906
2024-09-01 00:00:00+00,CA,CHAEVI,1,2,2,0,15183,48906
2024-09-01 00:00:00+00,CA,UNIVERSAL,1,2,0,2,15183,48906
2024-09-01 00:00:00+00,CA,AMPUP,10,10,0,10,15183,48906
2024-09-01 00:00:00+00,CA,FLASH,1,24,0,24,15183,48906
2024-09-01 00:00:00+00,CA,LOOP,6,99,0,99,15183,48906
2024-10-01 00:00:00+00,CA,SWTCH,1,6,0,6,15351,49604
2024-10-01 00:00:00+00,CA,CHARGIE,2,104,0,104,15351,49604
2024-10-01 00:00:00+00,CA,Tesla,8,148,148,0,15351,49604
2024-10-01 00:00:00+00,CA,BP_PULSE,1,4,4,0,15351,49604
2024-10-01 00:00:00+00,CA,ENVIROSPARK,1,5,0,5,15351,49604
2024-10-01 00:00:00+00,CA,EV Connect,5,19,8,11,15351,49604
2024-10-01 00:00:00+00,CA,TURNONGREEN,1,2,0,2,15351,49604
2024-10-01 00:00:00+00,CA,EVRANGE,2,16,16,0,15351,49604
2024-10-01 00:00:00+00,CA,EVMATCH,3,13,0,13,15351,49604
2024-10-01 00:00:00+00,CA,EVBOLT,2,8,0,8,15351,49604
2024-10-01 00:00:00+00,CA,LOOP,5,36,0,36,15351,49604
2024-10-01 00:00:00+00,CA,VIALYNK,1,2,0,2,15351,49604
2024-10-01 00:00:00+00,CA,FLO,2,3,0,3,15351,49604
2024-10-01 00:00:00+00,CA,ChargePoint Network,107,180,3,177,15351,49604
2024-10-01 00:00:00+00,CA,Electrify America,1,6,6,0,15351,49604
2024-10-01 00:00:00+00,CA,ROVE,1,12,12,0,15351,49604
2024-10-01 00:00:00+00,CA,eVgo Network,6,32,32,0,15351,49604
2024-10-01 00:00:00+00,CA,RED_E,1,5,0,5,15351,49604
2024-10-01 00:00:00+00,CA,CHARGELAB,7,31,0,31,15351,49604
2024-10-01 00:00:00+00,CA,Blink Network,6,28,0,28,15351,49604
2024-10-01 00:00:00+00,CA,FLASH,4,29,0,29,15351,49604
2024-10-01 00:00:00+00,CA,RIVIAN_ADVENTURE,1,9,9,0,15351,49604
2024-11-01 00:00:00+00,CA,FLO,2,2,0,2,15470,50275
2024-11-01 00:00:00+00,CA,CIRCLE_K,1,4,4,0,15470,50275
2024-11-01 00:00:00+00,CA,EVCS,6,10,10,0,15470,50275
2024-11-01 00:00:00+00,CA,ELECTRIC_ERA,1,8,8,0,15470,50275
2024-11-01 00:00:00+00,CA,LOOP,3,9,0,9,15470,50275
2024-11-01 00:00:00+00,CA,ChargePoint Network,72,126,5,121,15470,50275
2024-11-01 00:00:00+00,CA,OpConnect,1,18,0,18,15470,50275
2024-11-01 00:00:00+00,CA,EVRANGE,1,8,0,8,15470,50275
2024-11-01 00:00:00+00,CA,CHARGIE,1,8,0,8,15470,50275
2024-11-01 00:00:00+00,CA,EVMATCH,4,33,0,33,15470,50275
2024-11-01 00:00:00+00,CA,BP_PULSE,1,4,4,0,15470,50275
2024-11-01 00:00:00+00,CA,eVgo Network,6,45,45,0,15470,50275
2024-11-01 00:00:00+00,CA,FLASH,2,11,0,11,15470,50275
2024-11-01 00:00:00+00,CA,EV Connect,5,45,36,9,15470,50275
2024-11-01 00:00:00+00,CA,Tesla,10,306,306,0,15470,50275
2024-11-01 00:00:00+00,CA,Electrify America,3,34,34,0,15470,50275
2024-12-01 00:00:00+00,CA,Blink Network,10,87,1,86,15671,51039
2024-12-01 00:00:00+00,CA,eVgo Network,39,234,234,0,15671,51039
2024-12-01 00:00:00+00,CA,ELECTRIC_ERA,1,8,8,0,15671,51039
2024-12-01 00:00:00+00,CA,RIVIAN_WAYPOINTS,1,3,0,3,15671,51039
2024-12-01 00:00:00+00,CA,ChargePoint Network,126,223,4,219,15671,51039
2024-12-01 00:00:00+00,CA,LOOP,9,58,0,58,15671,51039
2024-12-01 00:00:00+00,CA,POWERFLEX,2,23,6,17,15671,51039
2024-12-01 00:00:00+00,CA,RIVIAN_ADVENTURE,3,26,26,0,15671,51039
2024-12-01 00:00:00+00,CA,EVCS,2,14,2,12,15671,51039
2024-12-01 00:00:00+00,CA,Tesla,6,80,80,0,15671,51039
2024-12-01 00:00:00+00,CA,ENVIROSPARK,1,4,0,4,15671,51039
2024-12-01 00:00:00+00,CA,TURNONGREEN,1,4,0,4,15671,51039
2025-01-01 00:00:00+00,CA,FLASH,3,25,0,25,15896,52355
2025-01-01 00:00:00+00,CA,Non-Networked,3,22,8,14,15896,52355
2025-01-01 00:00:00+00,CA,eVgo Network,2,16,16,0,15896,52355
2025-01-01 00:00:00+00,CA,EVIUM,1,40,0,40,15896,52355
2025-01-01 00:00:00+00,CA,AUTEL,3,64,10,54,15896,52355
2025-01-01 00:00:00+00,CA,EVCS,1,2,2,0,15896,52355
2025-01-01 00:00:00+00,CA,TURNONGREEN,3,12,0,12,15896,52355
2025-01-01 00:00:00+00,CA,OpConnect,1,18,0,18,15896,52355
2025-01-01 00:00:00+00,CA,CIRCLE_K,2,8,8,0,15896,52355
2025-01-01 00:00:00+00,CA,ENVIROSPARK,1,4,0,4,15896,52355
2025-01-01 00:00:00+00,CA,EVGATEWAY,32,286,34,252,15896,52355
2025-01-01 00:00:00+00,CA,FLO,2,2,0,2,15896,52355
2025-01-01 00:00:00+00,CA,SHELL_RECHARGE,11,365,0,365,15896,52355
2025-01-01 00:00:00+00,CA,LOOP,9,116,0,116,15896,52355
2025-01-01 00:00:00+00,CA,Blink Network,4,14,0,14,15896,52355
2025-01-01 00:00:00+00,CA,ChargePoint Network,136,215,17,198,15896,52355
2025-01-01 00:00:00+00,CA,BP_PULSE,1,4,4,0,15896,52355
2025-01-01 00:00:00+00,CA,CHARGELAB,2,10,0,10,15896,52355
2025-01-01 00:00:00+00,CA,Tesla,7,92,92,0,15896,52355
2025-01-01 00:00:00+00,CA,DIRT_ROAD,1,1,1,0,15896,52355
2025-02-01 00:00:00+00,CA,Tesla,7,117,117,0,16130,52969
2025-02-01 00:00:00+00,CA,OpConnect,1,3,0,3,16130,52969
2025-02-01 00:00:00+00,CA,eVgo Network,3,18,18,0,16130,52969
2025-02-01 00:00:00+00,CA,Electrify America,1,4,4,0,16130,52969
2025-02-01 00:00:00+00,CA,FORD_CHARGE,3,12,12,0,16130,52969
2025-02-01 00:00:00+00,CA,Blink Network,9,44,3,41,16130,52969
2025-02-01 00:00:00+00,CA,LOOP,5,20,0,20,16130,52969
2025-02-01 00:00:00+00,CA,FLASH,1,16,0,16,16130,52969
2025-02-01 00:00:00+00,CA,ChargePoint Network,188,309,4,305,16130,52969
2025-02-01 00:00:00+00,CA,EVGATEWAY,3,22,12,10,16130,52969
2025-02-01 00:00:00+00,CA,FLO,3,3,0,3,16130,52969
2025-02-01 00:00:00+00,CA,Non-Networked,1,8,0,8,16130,52969
2025-02-01 00:00:00+00,CA,EVCS,3,12,12,0,16130,52969
2025-02-01 00:00:00+00,CA,BP_PULSE,1,2,2,0,16130,52969
2025-02-01 00:00:00+00,CA,EV Connect,5,24,5,19,16130,52969
2025-03-01 00:00:00+00,CA,UNIVERSAL,1,10,0,10,16330,53737
2025-03-01 00:00:00+00,CA,EVGATEWAY,3,28,2,26,16330,53737
2025-03-01 00:00:00+00,CA,Electrify America,1,10,10,0,16330,53737
2025-03-01 00:00:00+00,CA,LOOP,7,63,0,63,16330,53737
2025-03-01 00:00:00+00,CA,CHARGELAB,1,4,0,4,16330,53737
2025-03-01 00:00:00+00,CA,EVCS,4,16,16,0,16330,53737
2025-03-01 00:00:00+00,CA,NOODOE,22,243,8,235,16330,53737
2025-03-01 00:00:00+00,CA,OpConnect,1,5,0,5,16330,53737
2025-03-01 00:00:00+00,CA,POWERFLEX,1,6,6,0,16330,53737
2025-03-01 00:00:00+00,CA,Blink Network,3,11,0,11,16330,53737
2025-03-01 00:00:00+00,CA,SWTCH,1,11,0,11,16330,53737
2025-03-01 00:00:00+00,CA,ChargePoint Network,137,237,7,230,16330,53737
2025-03-01 00:00:00+00,CA,REVEL,1,6,6,0,16330,53737
2025-03-01 00:00:00+00,CA,CHAEVI,1,1,0,1,16330,53737
2025-03-01 00:00:00+00,CA,eVgo Network,2,14,14,0,16330,53737
2025-03-01 00:00:00+00,CA,Tesla,4,52,52,0,16330,53737
2025-03-01 00:00:00+00,CA,AUTEL,1,8,8,0,16330,53737
2025-03-01 00:00:00+00,CA,FLO,5,16,0,16,16330,53737
2025-03-01 00:00:00+00,CA,EV Connect,3,23,4,19,16330,53737
2025-03-01 00:00:00+00,CA,7CHARGE,1,4,4,0,16330,53737
2025-04-01 00:00:00+00,CA,eVgo Network,1,4,4,0,16516,54335
2025-04-01 00:00:00+00,CA,CHARGELAB,2,9,0,9,16516,54335
2025-04-01 00:00:00+00,CA,EV Connect,3,17,6,11,16516,54335
2025-04-01 00:00:00+00,CA,ITSELECTRIC,1,2,0,2,16516,54335
2025-04-01 00:00:00+00,CA,Blink Network,1,2,0,2,16516,54335
2025-04-01 00:00:00+00,CA,Tesla,5,87,87,0,16516,54335
2025-04-01 00:00:00+00,CA,FLO,5,13,0,13,16516,54335
2025-04-01 00:00:00+00,CA,EVGATEWAY,6,50,50,0,16516,54335
2025-04-01 00:00:00+00,CA,NOODOE,1,2,0,2,16516,54335
2025-04-01 00:00:00+00,CA,Non-Networked,5,93,77,16,16516,54335
2025-04-01 00:00:00+00,CA,Electrify America,1,11,10,1,16516,54335
2025-04-01 00:00:00+00,CA,POWERFLEX,5,41,0,41,16516,54335
2025-04-01 00:00:00+00,CA,LOOP,3,10,0,10,16516,54335
2025-04-01 00:00:00+00,CA,OpConnect,1,3,0,3,16516,54335
2025-04-01 00:00:00+00,CA,RIVIAN_ADVENTURE,2,11,11,0,16516,54335
2025-04-01 00:00:00+00,CA,EVCS,2,9,9,0,16516,54335
2025-04-01 00:00:00+00,CA,ChargePoint Network,141,233,16,217,16516,54335
2025-04-01 00:00:00+00,CA,STAY_N_CHARGE,1,1,0,1,16516,54335
2025-05-01 00:00:00+00,CA,EV Connect,3,9,3,6,16684,55014
2025-05-01 00:00:00+00,CA,eVgo Network,3,20,20,0,16684,55014
2025-05-01 00:00:00+00,CA,RIVIAN_ADVENTURE,1,8,8,0,16684,55014
2025-05-01 00:00:00+00,CA,CHAEVI,2,6,6,0,16684,55014
2025-05-01 00:00:00+00,CA,ChargePoint Network,119,201,7,194,16684,55014
2025-05-01 00:00:00+00,CA,Tesla,8,194,194,0,16684,55014
2025-05-01 00:00:00+00,CA,CHARGELAB,1,2,0,2,16684,55014
2025-05-01 00:00:00+00,CA,ELECTRIC_ERA,1,8,8,0,16684,55014
2025-05-01 00:00:00+00,CA,EVGATEWAY,6,48,38,10,16684,55014
2025-05-01 00:00:00+00,CA,FLO,1,11,0,11,16684,55014
2025-05-01 00:00:00+00,CA,OpConnect,2,20,0,20,16684,55014
2025-05-01 00:00:00+00,CA,DIRT_ROAD,1,4,0,4,16684,55014
2025-05-01 00:00:00+00,CA,POWERFLEX,4,73,8,65,16684,55014
2025-05-01 00:00:00+00,CA,EVRANGE,1,2,2,0,16684,55014
2025-05-01 00:00:00+00,CA,EVCS,1,2,0,2,16684,55014
2025-05-01 00:00:00+00,CA,FLASH,1,4,0,4,16684,55014
2025-05-01 00:00:00+00,CA,Electrify America,1,10,10,0,16684,55014
2025-05-01 00:00:00+00,CA,Non-Networked,1,8,8,0,16684,55014
2025-05-01 00:00:00+00,CA,Blink Network,5,30,0,30,16684,55014
2025-05-01 00:00:00+00,CA,7CHARGE,1,4,4,0,16684,55014
2025-05-01 00:00:00+00,CA,LOOP,3,10,2,8,16684,55014
2025-05-01 00:00:00+00,CA,RED_E,1,4,4,0,16684,55014
2025-05-01 00:00:00+00,CA,RIVIAN_WAYPOINTS,1,1,0,1,16684,55014
2025-06-01 00:00:00+00,CA,ChargePoint Network,131,204,6,198,16867,55757
2025-06-01 00:00:00+00,CA,Tesla,12,218,218,0,16867,55757
2025-06-01 00:00:00+00,CA,LOOP,9,42,4,38,16867,55757
2025-06-01 00:00:00+00,CA,BP_PULSE,2,60,60,0,16867,55757
2025-06-01 00:00:00+00,CA,SWTCH,7,54,0,54,16867,55757
2025-06-01 00:00:00+00,CA,EVRANGE,1,4,0,4,16867,55757
2025-06-01 00:00:00+00,CA,OpConnect,2,7,0,7,16867,55757
2025-06-01 00:00:00+00,CA,NAYAX_ENERGY,1,18,18,0,16867,55757
2025-06-01 00:00:00+00,CA,POWERFLEX,1,3,0,3,16867,55757
2025-06-01 00:00:00+00,CA,SHELL_RECHARGE,1,12,12,0,16867,55757
2025-06-01 00:00:00+00,CA,FLO,1,1,0,1,16867,55757
2025-06-01 00:00:00+00,CA,eVgo Network,7,48,48,0,16867,55757
2025-06-01 00:00:00+00,CA,EVCS,3,18,14,4,16867,55757
2025-06-01 00:00:00+00,CA,CHARGIE,1,10,0,10,16867,55757
2025-06-01 00:00:00+00,CA,Blink Network,4,44,2,42,16867,55757
2025-07-01 00:00:00+00,CA,EVGATEWAY,2,26,0,26,17091,56977
2025-07-01 00:00:00+00,CA,EPIC_CHARGING,1,36,0,36,17091,56977
2025-07-01 00:00:00+00,CA,EVRANGE,2,22,0,22,17091,56977
2025-07-01 00:00:00+00,CA,Tesla,11,256,256,0,17091,56977
2025-07-01 00:00:00+00,CA,DIRT_ROAD,1,8,0,8,17091,56977
2025-07-01 00:00:00+00,CA,Electrify America,1,10,10,0,17091,56977
2025-07-01 00:00:00+00,CA,NOODOE,1,12,0,12,17091,56977
2025-07-01 00:00:00+00,CA,FLASH,1,18,0,18,17091,56977
2025-07-01 00:00:00+00,CA,ABM,2,4,0,4,17091,56977
2025-07-01 00:00:00+00,CA,EV Connect,4,41,27,14,17091,56977
2025-07-01 00:00:00+00,CA,ChargePoint Network,145,238,2,236,17091,56977
2025-07-01 00:00:00+00,CA,EVCS,1,6,6,0,17091,56977
2025-07-01 00:00:00+00,CA,FORD_CHARGE,1,4,4,0,17091,56977
2025-07-01 00:00:00+00,CA,SHELL_RECHARGE,1,24,24,0,17091,56977
2025-07-01 00:00:00+00,CA,OpConnect,2,7,2,5,17091,56977
2025-07-01 00:00:00+00,CA,eVgo Network,27,156,156,0,17091,56977
2025-07-01 00:00:00+00,CA,CHARGELAB,1,8,0,8,17091,56977
2025-07-01 00:00:00+00,CA,CHARGIE,1,87,0,87,17091,56977
2025-07-01 00:00:00+00,CA,LOOP,5,136,0,136,17091,56977
2025-07-01 00:00:00+00,CA,VIALYNK,6,54,0,54,17091,56977
2025-07-01 00:00:00+00,CA,FLO,1,10,0,10,17091,56977
2025-07-01 00:00:00+00,CA,Blink Network,6,53,24,29,17091,56977
2025-07-01 00:00:00+00,CA,BP_PULSE,1,4,4,0,17091,56977
2025-08-01 00:00:00+00,CA,ENVIROSPARK,1,4,0,4,17357,58019
2025-08-01 00:00:00+00,CA,LOOP,5,89,0,89,17357,58019
2025-08-01 00:00:00+00,CA,Non-Networked,15,53,18,32,17357,58019
2025-08-01 00:00:00+00,CA,eVgo Network,2,10,10,0,17357,58019
2025-08-01 00:00:00+00,CA,NAYAX_ENERGY,1,20,20,0,17357,58019
2025-08-01 00:00:00+00,CA,GO_TO_U,1,12,12,0,17357,58019
2025-08-01 00:00:00+00,CA,Tesla,10,212,212,0,17357,58019
2025-08-01 00:00:00+00,CA,OpConnect,3,14,0,14,17357,58019
2025-08-01 00:00:00+00,CA,EVGATEWAY,4,88,12,76,17357,58019
2025-08-01 00:00:00+00,CA,VIALYNK,5,26,0,26,17357,58019
2025-08-01 00:00:00+00,CA,RIVIAN_WAYPOINTS,1,4,0,4,17357,58019
2025-08-01 00:00:00+00,CA,Blink Network,5,58,0,58,17357,58019
2025-08-01 00:00:00+00,CA,BP_PULSE,1,24,24,0,17357,58019
2025-08-01 00:00:00+00,CA,EV Connect,6,66,0,66,17357,58019
2025-08-01 00:00:00+00,CA,ChargePoint Network,198,299,21,278,17357,58019
2025-08-01 00:00:00+00,CA,Electrify America,4,46,46,0,17357,58019
2025-08-01 00:00:00+00,CA,FLASH,1,4,0,4,17357,58019
2025-08-01 00:00:00+00,CA,ELECTRIC_ERA,1,8,8,0,17357,58019
2025-08-01 00:00:00+00,CA,CIRCLE_K,1,4,4,0,17357,58019
2025-08-01 00:00:00+00,CA,FLO,1,1,0,1,17357,58019
2025-09-01 00:00:00+00,CA,FLO,1,1,0,1,17724,59039
2025-09-01 00:00:00+00,CA,EVCS,2,14,10,4,17724,59039
2025-09-01 00:00:00+00,CA,EVGATEWAY,8,94,8,86,17724,59039
2025-09-01 00:00:00+00,CA,Blink Network,1,25,0,25,17724,59039
2025-09-01 00:00:00+00,CA,LOOP,6,33,0,33,17724,59039
2025-09-01 00:00:00+00,CA,NOODOE,2,49,0,49,17724,59039
2025-09-01 00:00:00+00,CA,VIALYNK,1,6,0,6,17724,59039
2025-09-01 00:00:00+00,CA,Tesla,8,148,148,0,17724,59039
2025-09-01 00:00:00+00,CA,ITSELECTRIC,1,2,0,2,17724,59039
2025-09-01 00:00:00+00,CA,CHAEVI,1,2,2,0,17724,59039
2025-09-01 00:00:00+00,CA,Electrify America,1,8,8,0,17724,59039
2025-09-01 00:00:00+00,CA,FORD_CHARGE,1,4,4,0,17724,59039
2025-09-01 00:00:00+00,CA,EVRANGE,1,1,0,1,17724,59039
2025-09-01 00:00:00+00,CA,eVgo Network,2,12,12,0,17724,59039
2025-09-01 00:00:00+00,CA,ChargePoint Network,325,593,12,581,17724,59039
2025-09-01 00:00:00+00,CA,IONNA,1,10,10,0,17724,59039
2025-09-01 00:00:00+00,CA,Non-Networked,2,6,4,2,17724,59039
2025-09-01 00:00:00+00,CA,FLASH,2,6,0,6,17724,59039
2025-09-01 00:00:00+00,CA,OpConnect,1,6,0,6,17724,59039
2025-10-01 00:00:00+00,CA,Blink Network,3,8,0,8,17889,59711
2025-10-01 00:00:00+00,CA,eVgo Network,5,40,40,0,17889,59711
2025-10-01 00:00:00+00,CA,EVCS,4,39,8,31,17889,59711
2025-10-01 00:00:00+00,CA,Tesla,10,168,168,0,17889,59711
2025-10-01 00:00:00+00,CA,EV Connect,1,1,0,1,17889,59711
2025-10-01 00:00:00+00,CA,EVGATEWAY,1,8,8,0,17889,59711
2025-10-01 00:00:00+00,CA,LOOP,8,148,0,148,17889,59711
2025-10-01 00:00:00+00,CA,ChargePoint Network,124,204,8,196,17889,59711
2025-10-01 00:00:00+00,CA,ABM,1,3,0,3,17889,59711
2025-10-01 00:00:00+00,CA,SHELL_RECHARGE,1,14,14,0,17889,59711
2025-10-01 00:00:00+00,CA,TURNONGREEN,3,23,0,23,17889,59711
2025-10-01 00:00:00+00,CA,NOODOE,1,6,0,6,17889,59711
2025-10-01 00:00:00+00,CA,Non-Networked,3,10,10,0,17889,59711
2025-11-01 00:00:00+00,CA,EVCS,1,8,8,0,18050,60258
2025-11-01 00:00:00+00,CA,Blink Network,4,22,1,21,18050,60258
2025-11-01 00:00:00+00,CA,CHAEVI,1,4,4,0,18050,60258
2025-11-01 00:00:00+00,CA,EV Connect,2,15,0,15,18050,60258
2025-11-01 00:00:00+00,CA,eVgo Network,7,50,50,0,18050,60258
2025-11-01 00:00:00+00,CA,ChargePoint Network,126,205,10,195,18050,60258
2025-11-01 00:00:00+00,CA,OpConnect,1,7,0,7,18050,60258
2025-11-01 00:00:00+00,CA,Tesla,15,221,221,0,18050,60258
2025-11-01 00:00:00+00,CA,LOOP,4,15,0,15,18050,60258
2025-12-01 00:00:00+00,CA,EVGATEWAY,2,31,10,21,18211,60996
2025-12-01 00:00:00+00,CA,BP_PULSE,2,16,16,0,18211,60996
2025-12-01 00:00:00+00,CA,FORD_CHARGE,2,6,6,0,18211,60996
2025-12-01 00:00:00+00,CA,LOOP,1,3,0,3,18211,60996
2025-12-01 00:00:00+00,CA,RIVIAN_ADVENTURE,1,10,10,0,18211,60996
2025-12-01 00:00:00+00,CA,NAYAX_ENERGY,5,46,46,0,18211,60996
2025-12-01 00:00:00+00,CA,EVRANGE,2,11,10,1,18211,60996
2025-12-01 00:00:00+00,CA,EV Connect,2,92,0,92,18211,60996
2025-12-01 00:00:00+00,CA,Blink Network,1,6,0,6,18211,60996
2025-12-01 00:00:00+00,CA,FLASH,4,87,0,87,18211,60996
2025-12-01 00:00:00+00,CA,Tesla,12,176,176,0,18211,60996
2025-12-01 00:00:00+00,CA,ChargePoint Network,118,197,18,179,18211,60996
2025-12-01 00:00:00+00,CA,EVCS,1,12,12,0,18211,60996
2025-12-01 00:00:00+00,CA,Electrify America,2,17,16,1,18211,60996
2025-12-01 00:00:00+00,CA,eVgo Network,6,28,28,0,18211,60996
2026-01-01 00:00:00+00,CA,LOOP,6,40,0,40,18429,61560
2026-01-01 00:00:00+00,CA,7CHARGE,3,12,12,0,18429,61560
2026-01-01 00:00:00+00,CA,OpConnect,2,6,2,4,18429,61560
2026-01-01 00:00:00+00,CA,ChargePoint Network,179,250,17,233,18429,61560
2026-01-01 00:00:00+00,CA,Tesla,4,88,88,0,18429,61560
2026-01-01 00:00:00+00,CA,GO_TO_U,1,4,0,4,18429,61560
2026-01-01 00:00:00+00,CA,EV Connect,1,3,0,3,18429,61560
2026-01-01 00:00:00+00,CA,RED_E,2,4,2,2,18429,61560
2026-01-01 00:00:00+00,CA,Blink Network,4,11,0,11,18429,61560
2026-01-01 00:00:00+00,CA,RIVIAN_ADVENTURE,1,12,12,0,18429,61560
2026-01-01 00:00:00+00,CA,eVgo Network,12,108,108,0,18429,61560
2026-01-01 00:00:00+00,CA,Electrify America,1,10,10,0,18429,61560
2026-01-01 00:00:00+00,CA,POWERFLEX,1,8,0,8,18429,61560
2026-01-01 00:00:00+00,CA,EVGATEWAY,1,8,8,0,18429,61560
2026-02-01 00:00:00+00,CA,NOODOE,1,14,4,10,18610,62152
2026-02-01 00:00:00+00,CA,SWTCH,1,2,2,0,18610,62152
2026-02-01 00:00:00+00,CA,EV Connect,1,3,0,3,18610,62152
2026-02-01 00:00:00+00,CA,DIRT_ROAD,1,4,4,0,18610,62152
2026-02-01 00:00:00+00,CA,Tesla,3,48,48,0,18610,62152
2026-02-01 00:00:00+00,CA,GO_TO_U,1,2,0,2,18610,62152
2026-02-01 00:00:00+00,CA,Blink Network,6,134,0,134,18610,62152
2026-02-01 00:00:00+00,CA,7CHARGE,1,4,4,0,18610,62152
2026-02-01 00:00:00+00,CA,EVGATEWAY,1,8,0,8,18610,62152
2026-02-01 00:00:00+00,CA,BP_PULSE,3,20,20,0,18610,62152
2026-02-01 00:00:00+00,CA,eVgo Network,7,74,74,0,18610,62152
2026-02-01 00:00:00+00,CA,IONNA,2,22,22,0,18610,62152
2026-02-01 00:00:00+00,CA,AUTEL,1,3,3,0,18610,62152
2026-02-01 00:00:00+00,CA,Non-Networked,1,4,4,0,18610,62152
2026-02-01 00:00:00+00,CA,ChargePoint Network,150,244,25,219,18610,62152
2026-02-01 00:00:00+00,CA,EVCS,1,6,6,0,18610,62152
2026-03-01 00:00:00+00,CA,FORD_CHARGE,1,4,4,0,18893,63233
2026-03-01 00:00:00+00,CA,BP_PULSE,1,12,12,0,18893,63233
2026-03-01 00:00:00+00,CA,EVGATEWAY,1,2,0,2,18893,63233
2026-03-01 00:00:00+00,CA,TURNONGREEN,5,25,0,25,18893,63233
2026-03-01 00:00:00+00,CA,RIVIAN_ADVENTURE,1,6,6,0,18893,63233
2026-03-01 00:00:00+00,CA,INTERTIE,11,65,10,55,18893,63233
2026-03-01 00:00:00+00,CA,IONNA,1,8,8,0,18893,63233
2026-03-01 00:00:00+00,CA,EVCS,1,16,16,0,18893,63233
2026-03-01 00:00:00+00,CA,SYNERGEV,31,165,12,153,18893,63233
2026-03-01 00:00:00+00,CA,eVgo Network,3,11,11,0,18893,63233
2026-03-01 00:00:00+00,CA,Blink Network,7,54,4,50,18893,63233
2026-03-01 00:00:00+00,CA,Tesla,10,156,156,0,18893,63233
2026-03-01 00:00:00+00,CA,Electrify America,1,8,8,0,18893,63233
2026-03-01 00:00:00+00,CA,REVEL,1,8,8,0,18893,63233
2026-03-01 00:00:00+00,CA,CHARGELAB,20,175,6,169,18893,63233
2026-03-01 00:00:00+00,CA,ROVE,1,20,20,0,18893,63233
2026-03-01 00:00:00+00,CA,ChargePoint Network,187,346,5,341,18893,63233
2026-04-01 00:00:00+00,CA,Blink Network,5,46,2,44,19202,64061
2026-04-01 00:00:00+00,CA,EVGATEWAY,3,50,10,40,19202,64061
2026-04-01 00:00:00+00,CA,INTERTIE,1,2,0,2,19202,64061
2026-04-01 00:00:00+00,CA,ChargePoint Network,238,396,31,365,19202,64061
2026-04-01 00:00:00+00,CA,RED_E,5,10,10,0,19202,64061
2026-04-01 00:00:00+00,CA,eVgo Network,4,32,32,0,19202,64061
2026-04-01 00:00:00+00,CA,Tesla,8,124,124,0,19202,64061
2026-04-01 00:00:00+00,CA,IONNA,1,8,8,0,19202,64061
2026-04-01 00:00:00+00,CA,SHELL_RECHARGE,3,14,14,0,19202,64061
2026-04-01 00:00:00+00,CA,EVRANGE,1,4,0,4,19202,64061
2026-04-01 00:00:00+00,CA,Electrify America,32,82,24,58,19202,64061
2026-04-01 00:00:00+00,CA,NOODOE,1,18,0,18,19202,64061
2026-04-01 00:00:00+00,CA,FLIPTURN,1,2,2,0,19202,64061
2026-04-01 00:00:00+00,CA,POWERPORT_EVC,1,6,0,6,19202,64061
2026-04-01 00:00:00+00,CA,DIRT_ROAD,5,34,2,32,19202,64061
2026-05-01 00:00:00+00,CA,CHARGELAB,2,16,4,12,19382,64625
2026-05-01 00:00:00+00,CA,FLIPTURN,1,10,4,6,19382,64625
2026-05-01 00:00:00+00,CA,NOODOE,1,4,0,4,19382,64625
2026-05-01 00:00:00+00,CA,VIALYNK,3,49,0,49,19382,64625
2026-05-01 00:00:00+00,CA,eVgo Network,3,28,28,0,19382,64625
2026-05-01 00:00:00+00,CA,MERCEDES_BENZ,2,6,6,0,19382,64625
2026-05-01 00:00:00+00,CA,ABM,1,3,0,3,19382,64625
2026-05-01 00:00:00+00,CA,ChargePoint Network,145,242,12,230,19382,64625
2026-05-01 00:00:00+00,CA,RIVIAN_ADVENTURE,2,24,24,0,19382,64625
2026-05-01 00:00:00+00,CA,Tesla,8,116,116,0,19382,64625
2026-05-01 00:00:00+00,CA,EVCS,1,10,0,10,19382,64625
2026-05-01 00:00:00+00,CA,Blink Network,5,10,2,8,19382,64625
2026-05-01 00:00:00+00,CA,IONNA,1,8,8,0,19382,64625
2026-05-01 00:00:00+00,CA,Electrify America,1,10,10,0,19382,64625
2026-05-01 00:00:00+00,CA,EV Connect,4,28,0,28,19382,64625
2026-06-01 00:00:00+00,CA,IONNA,1,10,10,0,19416,64717
2026-06-01 00:00:00+00,CA,EVGATEWAY,1,21,0,21,19416,64717
2026-06-01 00:00:00+00,CA,INTERTIE,1,7,0,7,19416,64717
2026-06-01 00:00:00+00,CA,ChargePoint Network,29,48,0,48,19416,64717
2026-06-01 00:00:00+00,CA,Blink Network,1,5,0,5,19416,64717
2026-06-01 00:00:00+00,CA,CHARGELAB,1,1,0,1,19416,64717
